key,label,xmin,ymin,xmax,ymax
000004f4400f6ec5.jpg,mask,440,300,387,387
000004f4400f6ec5.jpg,mask,582,233,317,317
0000271195f2c007.jpg,mask,368,495,704,704
00006c07d2b033d1.jpg,mask,332,334,432,432
00006c07d2b033d1.jpg,mask,609,324,420,420
0000b366aaf9672a.jpg,mask,182,239,279,279
0000b366aaf9672a.jpg,mask,330,253,284,284
0000b366aaf9672a.jpg,mask,468,209,255,255
0000b86e2fd18333.jpg,mask,302,288,392,392
0000b86e2fd18333.jpg,mask,735,418,496,496
0000bee39176697a.jpg,mask,186,302,354,354
0000bee39176697a.jpg,mask,322,236,297,297
0000bee39176697a.jpg,mask,641,189,273,273
0000c7640c802faf.jpg,mask,184,288,361,361
0000c7640c802faf.jpg,mask,408,254,331,331
0000c7640c802faf.jpg,mask,579,216,326,326
0000fc29545be065.jpg,mask,312,396,499,499
0001a2f47097ee27.jpg,mask,394,360,463,463
0001c3e14fe71e81.jpg,mask,392,239,305,305
0001c3e14fe71e81.jpg,mask,477,273,321,321
0001c3e14fe71e81.jpg,mask,701,330,386,386
0001c3e14fe71e81.jpg,mask,793,337,388,388
000266c1e4c17092.jpg,mask,86,233,364,364
000266c1e4c17092.jpg,mask,586,333,539,539
0004350a376865f5.jpg,mask,168,508,560,560
0004350a376865f5.jpg,mask,334,573,625,625
000468989006adbd.jpg,mask,244,474,629,629
000497ee2a0fe0e7.jpg,mask,391,268,445,445
00050647c857b018.jpg,mask,468,313,407,407
000506cc1be469b0.jpg,mask,65,163,195,195
000506cc1be469b0.jpg,mask,196,141,176,176
000506cc1be469b0.jpg,mask,287,151,192,192
000506cc1be469b0.jpg,mask,427,168,201,201
000506cc1be469b0.jpg,mask,533,179,211,211
000506cc1be469b0.jpg,mask,646,143,181,181
000506cc1be469b0.jpg,mask,773,156,192,192
000506cc1be469b0.jpg,mask,910,207,243,243
00052ba7cddbdba2.jpg,mask,411,290,411,411
00058ec5c3f3274f.jpg,mask,190,219,261,261
00058ec5c3f3274f.jpg,mask,347,188,240,240
00058ec5c3f3274f.jpg,mask,437,422,471,471
0005b1c48390b1c8.jpg,mask,359,367,392,392
0005b1c48390b1c8.jpg,mask,439,352,376,376
0005b1c48390b1c8.jpg,mask,549,313,338,338
0005b1c48390b1c8.jpg,mask,645,309,336,336
0005b1c48390b1c8.jpg,mask,724,377,400,400
00067750bd57d634.jpg,mask,269,143,192,192
0006fbc76c1f64f8.jpg,mask,351,460,587,587
000729e74f9c0aa0.jpg,mask,222,555,698,698
0007473cdbe8c18d.jpg,mask,199,422,807,807
0007ad5c6245a41d.jpg,mask,165,381,584,584
0007ad5c6245a41d.jpg,mask,675,286,465,465
0007f2c4f2fe93de.jpg,mask,212,274,448,448
0007f2c4f2fe93de.jpg,mask,492,369,556,556
000858e87c40654a.jpg,mask,334,256,293,293
00087d352416576a.jpg,mask,321,253,355,355
00088f27177a598c.jpg,mask,183,346,409,409
00088f27177a598c.jpg,mask,708,295,379,379
00090aa6938b7de9.jpg,mask,385,255,361,361
0009324a410005fc.jpg,mask,268,291,363,363
0009324a410005fc.jpg,mask,531,219,299,299
000c98d654d8245e.jpg,mask,130,157,313,313
000c98f6a12bc006.jpg,mask,219,322,437,437
000caf6b38df250f.jpg,mask,159,430,493,493
000caf6b38df250f.jpg,mask,198,264,331,331
000caf6b38df250f.jpg,mask,350,375,464,464
000caf6b38df250f.jpg,mask,569,347,449,449
000caf6b38df250f.jpg,mask,693,165,232,232
000caf6b38df250f.jpg,mask,695,463,533,533
000cc0cd61c6c8d7.jpg,mask,236,480,602,602
000d052b06c5ca92.jpg,mask,86,208,259,259
000d052b06c5ca92.jpg,mask,295,217,271,271
000d052b06c5ca92.jpg,mask,538,159,213,213
000d052b06c5ca92.jpg,mask,839,130,191,191
000db8328068a829.jpg,mask,381,374,464,464
000db8328068a829.jpg,mask,538,291,406,406
000de78d19a0be3e.jpg,mask,391,294,440,440
000e7bd1ff2a1006.jpg,mask,281,353,489,489
000e7bd1ff2a1006.jpg,mask,478,373,537,537
000ea2e21a7bb2b6.jpg,mask,257,430,629,629
000f20ade1cb904e.jpg,mask,64,298,342,342
000f20ade1cb904e.jpg,mask,422,393,433,433
000f20ade1cb904e.jpg,mask,529,449,510,510
000f20ade1cb904e.jpg,mask,646,245,297,297
000f20ade1cb904e.jpg,mask,804,403,444,444
000f2e67e13c0cba.jpg,mask,250,171,210,210
000f2e67e13c0cba.jpg,mask,451,142,186,186
000f2e67e13c0cba.jpg,mask,511,287,339,339
000f45fedb18f323.jpg,mask,389,505,791,791
000fc3b8ca545905.jpg,mask,337,321,537,537
000fdfc1385fe190.jpg,mask,486,301,561,561
00102ffa87951af2.jpg,mask,337,407,528,528
0010961385d9ec2d.jpg,mask,416,332,457,457
0010961385d9ec2d.jpg,mask,585,302,430,430
0010cf9a7990f3bb.jpg,mask,167,421,600,600
0010dccee2b1f723.jpg,mask,343,313,435,435
0011665172b9a374.jpg,mask,64,506,760,760
0011665172b9a374.jpg,mask,486,578,876,876
0012b3323b4ee7e7.jpg,mask,490,274,395,395
0012b929c1f8ab09.jpg,mask,400,347,566,566
0012ee5d55485413.jpg,mask,244,272,430,430
00134c19ee564cad.jpg,mask,273,342,493,493
001430c239d9bb77.jpg,mask,212,426,660,660
00145feb6b15d975.jpg,mask,306,244,283,283
0014bed03ffdf8de.jpg,mask,276,413,536,536
0014bed03ffdf8de.jpg,mask,504,206,334,334
001547a768924358.jpg,mask,266,401,535,535
0016a58ef51901c2.jpg,mask,566,155,235,235
00178407e270e236.jpg,mask,71,331,520,520
00178407e270e236.jpg,mask,613,273,461,461
00185181efe10d18.jpg,mask,331,325,484,484
00185ca3b050d63b.jpg,mask,289,301,440,440
00185ca3b050d63b.jpg,mask,581,298,436,436
00188841bff43695.jpg,mask,405,263,381,381
0018a10d8a6e0dd4.jpg,mask,455,335,553,553
0018e957d4bf91bf.jpg,mask,378,259,374,374
0018edb3f3bd066d.jpg,mask,261,227,285,285
0018edb3f3bd066d.jpg,mask,670,260,304,304
00190010a915db23.jpg,mask,579,341,428,428
001996790a987b55.jpg,mask,549,162,234,234
0019f8ef73bbe608.jpg,mask,547,524,652,652
0019fc2321be40dd.jpg,mask,266,325,469,469
0019fc2321be40dd.jpg,mask,635,224,358,358
001a20261ec7e28e.jpg,mask,133,129,188,188
001a20261ec7e28e.jpg,mask,397,136,193,193
001a20261ec7e28e.jpg,mask,702,123,185,185
001a512c540796dc.jpg,mask,677,404,542,542
001a668bcd9d4e7b.jpg,mask,393,290,370,370
001a6f01e4603256.jpg,mask,125,179,284,284
001a6f01e4603256.jpg,mask,442,210,356,356
001a6f01e4603256.jpg,mask,643,568,767,767
001a6f01e4603256.jpg,mask,794,123,197,197
001a6f01e4603256.jpg,mask,937,58,113,113
001a76d5761da393.jpg,mask,190,701,754,754
001a76d5761da393.jpg,mask,464,172,313,313
001ad258e358b14a.jpg,mask,467,324,391,391
001ad258e358b14a.jpg,mask,632,417,467,467
001b2409adaf91d7.jpg,mask,455,317,492,492
001b9dca69bbf9df.jpg,mask,215,223,327,327
001bc201fe775526.jpg,mask,308,492,736,736
001bc2f4445191a5.jpg,mask,288,362,443,443
001bc2f4445191a5.jpg,mask,370,198,239,239
001be2b9260fe5ec.jpg,mask,18,536,966,966
001c013b48910c93.jpg,mask,242,242,287,287
001c013b48910c93.jpg,mask,426,263,304,304
001ccb515fac73e4.jpg,mask,235,416,583,583
001d39a9f454a7f3.jpg,mask,478,504,651,651
001ddaff421aed10.jpg,mask,343,281,394,394
001ddaff421aed10.jpg,mask,554,199,325,325
001ddffdc17b24e4.jpg,mask,309,140,215,215
001ddffdc17b24e4.jpg,mask,680,225,304,304
001e587c206d984b.jpg,mask,223,371,543,543
001e9e3c38ed633c.jpg,mask,382,263,422,422
001ea8a8ca78a3bc.jpg,mask,125,121,204,204
001ea8a8ca78a3bc.jpg,mask,408,297,362,362
001ea8a8ca78a3bc.jpg,mask,637,255,317,317
001f3b8c1543d83f.jpg,mask,258,568,750,750
001f3b8c1543d83f.jpg,mask,474,428,624,624
001f4cbc9bc272e7.jpg,mask,263,520,561,561
001f4cbc9bc272e7.jpg,mask,492,377,417,417
001f6b7b4367a242.jpg,mask,444,301,402,402
001f78f01fecbc21.jpg,mask,442,351,392,392
0020ca4d32839638.jpg,mask,65,139,201,201
0020ca4d32839638.jpg,mask,177,151,211,211
0020ca4d32839638.jpg,mask,184,375,455,455
0020ca4d32839638.jpg,mask,672,258,384,384
0021015f976e9ac9.jpg,mask,462,376,612,612
00216bcc60486ac0.jpg,mask,256,264,488,488
00218535b0515599.jpg,mask,145,202,269,269
00218535b0515599.jpg,mask,755,232,280,280
0021c679c3edfead.jpg,mask,147,219,357,357
0021c679c3edfead.jpg,mask,657,315,452,452
0021f7f593be535b.jpg,mask,91,145,205,205
0021f7f593be535b.jpg,mask,247,161,219,219
0021f7f593be535b.jpg,mask,372,189,235,235
0021f7f593be535b.jpg,mask,503,131,184,184
0021f7f593be535b.jpg,mask,553,426,487,487
0021f7f593be535b.jpg,mask,608,137,194,194
0021f7f593be535b.jpg,mask,662,392,449,449
0021f7f593be535b.jpg,mask,711,158,208,208
0021f7f593be535b.jpg,mask,881,90,147,147
0022956940f4b895.jpg,mask,300,342,460,460
0022aa7327636c98.jpg,mask,425,441,546,546
0022f015f276dc21.jpg,mask,168,515,725,725
0023722c698fe09f.jpg,mask,258,266,340,340
0023722c698fe09f.jpg,mask,445,257,326,326
0023722c698fe09f.jpg,mask,650,199,285,285
002453dab2331daf.jpg,mask,346,421,616,616
0024e349442b7066.jpg,mask,267,293,329,329
0024e349442b7066.jpg,mask,346,318,356,356
0024e349442b7066.jpg,mask,424,332,370,370
0024e349442b7066.jpg,mask,482,308,343,343
0024e349442b7066.jpg,mask,528,199,235,235
0024e349442b7066.jpg,mask,552,293,329,329
0024e349442b7066.jpg,mask,640,297,334,334
0024e349442b7066.jpg,mask,688,287,324,324
00257faf22e2defb.jpg,mask,426,250,374,374
00257faf22e2defb.jpg,mask,613,266,459,459
0025bf0880a0e8e2.jpg,mask,518,250,272,272
0025e81774d62645.jpg,mask,86,384,586,586
0025e81774d62645.jpg,mask,400,380,512,512
0025ececb061efbd.jpg,mask,72,173,256,256
0025ececb061efbd.jpg,mask,99,413,488,488
0025ececb061efbd.jpg,mask,125,669,734,734
0025ececb061efbd.jpg,mask,409,643,753,753
0025ececb061efbd.jpg,mask,499,403,443,443
0025ececb061efbd.jpg,mask,548,114,219,219
0025ececb061efbd.jpg,mask,802,132,235,235
0025ececb061efbd.jpg,mask,844,632,728,728
0025ececb061efbd.jpg,mask,875,348,395,395
0025ef4ce41f4223.jpg,mask,169,384,606,606
0025fa54add94b15.jpg,mask,99,209,302,302
0025fa54add94b15.jpg,mask,751,170,243,243
0026fc91ae028883.jpg,mask,307,338,395,395
0026fc91ae028883.jpg,mask,572,252,304,304
0027a5a564c93330.jpg,mask,598,489,787,787
0027fbc3174c2a6c.jpg,mask,138,230,315,315
0027fbc3174c2a6c.jpg,mask,445,179,267,267
0027fbc3174c2a6c.jpg,mask,757,205,290,290
002805dba2acb503.jpg,mask,92,231,257,257
002805dba2acb503.jpg,mask,529,221,242,242
002805dba2acb503.jpg,mask,887,283,319,319
002839a0e9280952.jpg,mask,372,329,502,502
002912fe68ade5b1.jpg,mask,269,415,665,665
00299a76b716381d.jpg,mask,318,264,334,334
0029bb767cf1f6a7.jpg,mask,297,100,155,155
0029bb767cf1f6a7.jpg,mask,465,185,237,237
0029bb767cf1f6a7.jpg,mask,654,125,182,182
002a13f140fc60b5.jpg,mask,476,209,242,242
002a13f140fc60b5.jpg,mask,913,337,358,358
002a309d9175a16b.jpg,mask,12,551,609,609
002a309d9175a16b.jpg,mask,199,370,408,408
002a309d9175a16b.jpg,mask,280,575,624,624
002a309d9175a16b.jpg,mask,391,394,432,432
002a309d9175a16b.jpg,mask,419,470,509,509
002a309d9175a16b.jpg,mask,476,369,398,398
002a309d9175a16b.jpg,mask,542,368,405,405
002a309d9175a16b.jpg,mask,629,419,458,458
002a309d9175a16b.jpg,mask,675,591,666,666
002a309d9175a16b.jpg,mask,721,422,464,464
002a309d9175a16b.jpg,mask,871,604,661,661
002aeb35743fbd69.jpg,mask,182,313,560,560
002b487e4c1d73e3.jpg,mask,374,226,279,279
002bd2758e969fef.jpg,mask,342,330,419,419
002c29e02227cfdf.jpg,mask,337,390,436,436
002c4e3ca35ff9f2.jpg,mask,195,188,225,225
002c4e3ca35ff9f2.jpg,mask,261,184,221,221
002c4e3ca35ff9f2.jpg,mask,351,208,235,235
002c4e3ca35ff9f2.jpg,mask,403,110,146,146
002c4e3ca35ff9f2.jpg,mask,458,199,235,235
002c4e3ca35ff9f2.jpg,mask,571,90,128,128
002c4e3ca35ff9f2.jpg,mask,664,149,191,191
002c4e3ca35ff9f2.jpg,mask,744,147,185,185
002d1e14097c26d2.jpg,mask,32,88,170,170
002d1e14097c26d2.jpg,mask,5,568,680,680
002d1e14097c26d2.jpg,mask,407,312,412,412
002d1e14097c26d2.jpg,mask,479,90,178,178
002d1e14097c26d2.jpg,mask,855,269,371,371
002dd50db8018b87.jpg,mask,618,347,538,538
002de04937d680a0.jpg,mask,157,112,175,175
002de04937d680a0.jpg,mask,375,125,192,192
002de04937d680a0.jpg,mask,602,112,164,164
002de04937d680a0.jpg,mask,828,164,210,210
002eb99f9f5db616.jpg,mask,245,200,356,356
002eba9a2809bcb2.jpg,mask,246,525,595,595
002eba9a2809bcb2.jpg,mask,355,201,272,272
002f21512af3d012.jpg,mask,249,345,483,483
002f38c97f35a4dc.jpg,mask,506,174,220,220
002f38c97f35a4dc.jpg,mask,798,158,193,193
0030a802df47b2c8.jpg,mask,375,251,310,310
0030a802df47b2c8.jpg,mask,590,252,301,301
0030efce5a1c3658.jpg,mask,209,371,436,436
0030efce5a1c3658.jpg,mask,642,114,174,174
0030efce5a1c3658.jpg,mask,675,278,336,336
00327877cee2c5d3.jpg,mask,620,219,251,251
00327f903ea1834e.jpg,mask,119,150,229,229
00327f903ea1834e.jpg,mask,130,656,738,738
00327f903ea1834e.jpg,mask,474,157,231,231
00327f903ea1834e.jpg,mask,481,652,734,734
0032df877f964819.jpg,mask,639,386,507,507
00341fb291cc87ac.jpg,mask,449,323,395,395
00341fb291cc87ac.jpg,mask,477,105,209,209
0036fa343535aa06.jpg,mask,176,497,752,752
0038054b1013bbf4.jpg,mask,147,325,541,541
0038cdacab8e61da.jpg,mask,236,266,312,312
0038cdacab8e61da.jpg,mask,502,292,333,333
0038cdacab8e61da.jpg,mask,678,340,372,372
0038cdacab8e61da.jpg,mask,770,312,347,347
00394770ca22f389.jpg,mask,51,280,311,311
00394770ca22f389.jpg,mask,235,261,296,296
00394770ca22f389.jpg,mask,405,308,336,336
00394770ca22f389.jpg,mask,547,311,339,339
00394770ca22f389.jpg,mask,676,303,334,334
00394770ca22f389.jpg,mask,768,281,317,317
00394770ca22f389.jpg,mask,896,382,409,409
003948703f0fd760.jpg,mask,185,448,730,730
0039f1ed3c3405d4.jpg,mask,233,224,350,350
003a09bc4446e3fc.jpg,mask,266,544,643,643
003a09bc4446e3fc.jpg,mask,492,409,482,482
003a09bc4446e3fc.jpg,mask,816,509,606,606
003b21e6fdfc5a40.jpg,mask,93,106,127,127
003b21e6fdfc5a40.jpg,mask,665,149,187,187
003b406a397766e1.jpg,mask,0,298,338,338
003b406a397766e1.jpg,mask,57,313,351,351
003b406a397766e1.jpg,mask,314,318,367,367
003b406a397766e1.jpg,mask,419,264,334,334
003b857ac77f0323.jpg,mask,259,322,422,422
003b87304dc19e50.jpg,mask,341,114,141,141
003b87304dc19e50.jpg,mask,459,136,172,172
003b87304dc19e50.jpg,mask,528,197,224,224
003b87304dc19e50.jpg,mask,614,105,142,142
003b89ae54d4f6c8.jpg,mask,158,332,445,445
003b89ae54d4f6c8.jpg,mask,428,338,518,518
003b9985e921de17.jpg,mask,589,205,270,270
003c9055fbb90eb2.jpg,mask,148,422,702,702
003d2bb0c522dc2a.jpg,mask,494,234,381,381
003d3c3ad6d8eb91.jpg,mask,261,462,631,631
003e4e6f58f9d147.jpg,mask,252,575,651,651
003e5e6a6f66257a.jpg,mask,471,362,617,617
003e81428eb2dede.jpg,mask,110,341,447,447
003e81428eb2dede.jpg,mask,570,293,435,435
003ec8bd86d43c7a.jpg,mask,269,352,484,484
003ec8bd86d43c7a.jpg,mask,496,330,483,483
003f3df90521a48c.jpg,mask,604,319,477,477
003f718ccc51c843.jpg,mask,106,467,544,544
003f718ccc51c843.jpg,mask,493,538,611,611
003f794782444d05.jpg,mask,160,370,441,441
003f794782444d05.jpg,mask,657,377,441,441
003f794782444d05.jpg,mask,873,420,555,555
003f8281a9fb74be.jpg,mask,495,410,735,735
003fe681696956ca.jpg,mask,0,467,664,664
003fe681696956ca.jpg,mask,423,464,687,687
003fe681696956ca.jpg,mask,749,403,637,637
0040ab87c52827ce.jpg,mask,149,639,781,781
0040ab87c52827ce.jpg,mask,444,434,610,610
004172054b622d6e.jpg,mask,211,541,769,769
0041cc00de30cd96.jpg,mask,392,237,307,307
0041cc00de30cd96.jpg,mask,533,236,326,326
0041e6917dc5e5d8.jpg,mask,226,363,497,497
0041f970f97ff5f9.jpg,mask,486,273,394,394
0042d37aab8fb132.jpg,mask,208,341,496,496
0044519cfea6db34.jpg,mask,157,383,650,650
0044da308dcda94c.jpg,mask,384,199,231,231
0044da308dcda94c.jpg,mask,468,267,303,303
0044da308dcda94c.jpg,mask,736,197,265,265
0045b2dc66af6095.jpg,mask,394,340,405,405
0045b2dc66af6095.jpg,mask,760,172,246,246
00461d5e171e9da0.jpg,mask,503,167,258,258
0046a9e80fe5c6db.jpg,mask,301,273,438,438
00476f34097cc795.jpg,mask,286,138,208,208
00476f34097cc795.jpg,mask,732,196,262,262
004776cd062f369a.jpg,mask,305,329,464,464
0047d6717d9e77bb.jpg,mask,381,370,432,432
0047d6717d9e77bb.jpg,mask,613,369,428,428
0047f2b497b2f75c.jpg,mask,127,211,421,421
0049a59dd0e91fc8.jpg,mask,395,293,369,369
0049a59dd0e91fc8.jpg,mask,647,335,405,405
0049a8ab0b787a1a.jpg,mask,375,283,428,428
0049a8ab0b787a1a.jpg,mask,524,383,477,477
004a1b0ef46ce5e7.jpg,mask,280,309,456,456
004a1b0ef46ce5e7.jpg,mask,552,516,637,637
004aad5d1768160f.jpg,mask,142,186,239,239
004aad5d1768160f.jpg,mask,313,309,364,364
004aad5d1768160f.jpg,mask,514,294,348,348
004aad5d1768160f.jpg,mask,691,270,323,323
004aad5d1768160f.jpg,mask,794,272,328,328
004abb85ec8a26d8.jpg,mask,350,346,651,651
004aed739a06f9a0.jpg,mask,227,570,774,774
004b9d3a6df8e1ce.jpg,mask,67,111,176,176
004b9d3a6df8e1ce.jpg,mask,341,178,240,240
004b9d3a6df8e1ce.jpg,mask,598,149,209,209
004b9d3a6df8e1ce.jpg,mask,856,142,200,200
004bf5b3c6e9c2dd.jpg,mask,202,481,549,549
004c0e27920de125.jpg,mask,392,310,433,433
004c196c18277e76.jpg,mask,277,192,309,309
004c196c18277e76.jpg,mask,492,208,298,298
004c196c18277e76.jpg,mask,889,245,320,320
004ca830f1157801.jpg,mask,227,154,184,184
004ca830f1157801.jpg,mask,340,417,465,465
004e23f3b7209337.jpg,mask,82,246,325,325
004e23f3b7209337.jpg,mask,317,220,291,291
004f0b2b10d32b20.jpg,mask,388,380,512,512
004f7130dc7ee306.jpg,mask,290,300,422,422
004f7130dc7ee306.jpg,mask,486,241,349,349
004f7130dc7ee306.jpg,mask,674,360,482,482
004f7d004d2ea6df.jpg,mask,396,237,277,277
004f7d004d2ea6df.jpg,mask,497,171,229,229
004f7d004d2ea6df.jpg,mask,759,180,360,360
0050b77e75c4a559.jpg,mask,444,263,349,349
0050b77e75c4a559.jpg,mask,634,58,101,101
0050b77e75c4a559.jpg,mask,750,140,186,186
0050d4848366d954.jpg,mask,300,182,222,222
0051911431bb8f2c.jpg,mask,387,337,408,408
0051911431bb8f2c.jpg,mask,564,297,384,384
0051ffdf28385c0e.jpg,mask,437,420,526,526
0051ffdf28385c0e.jpg,mask,721,477,606,606
00527f2c9e312524.jpg,mask,270,276,374,374
00527f2c9e312524.jpg,mask,484,180,276,276
00527f2c9e312524.jpg,mask,643,208,307,307
00529634b87d6d17.jpg,mask,671,236,268,268
0052a652dcbcc00e.jpg,mask,286,385,613,613
0052c1f1e82e461c.jpg,mask,451,198,259,259
0054e76e8081e9f7.jpg,mask,427,213,304,304
0054e76e8081e9f7.jpg,mask,566,222,313,313
0054e76e8081e9f7.jpg,mask,771,193,284,284
0054fa940b942d58.jpg,mask,380,178,246,246
0054fa940b942d58.jpg,mask,467,134,208,208
005520dcfce5ac79.jpg,mask,452,130,191,191
0055d2e9b7e5043d.jpg,mask,401,108,147,147
00562d34f649f669.jpg,mask,257,339,403,403
00562d34f649f669.jpg,mask,473,271,345,345
00562d34f649f669.jpg,mask,620,156,239,239
005654ddd6956aa8.jpg,mask,154,416,543,543
0056b50f33b604a3.jpg,mask,534,223,378,378
0056f55d9df96417.jpg,mask,338,383,576,576
00571a2647e47f38.jpg,mask,407,358,446,446
00571a2647e47f38.jpg,mask,629,380,472,472
00571a2647e47f38.jpg,mask,798,396,494,494
0059805ec3328f1a.jpg,mask,232,475,731,731
0059d7572e42e987.jpg,mask,243,186,246,246
0059d7572e42e987.jpg,mask,505,229,275,275
0059d7572e42e987.jpg,mask,721,163,228,228
005ac184bca26621.jpg,mask,343,291,415,415
005c23af99c968a0.jpg,mask,258,267,426,426
005d04db17903d8a.jpg,mask,305,180,252,252
005dd14b92a091f4.jpg,mask,696,177,216,216
005e09713c18d67a.jpg,mask,55,383,473,473
005e09713c18d67a.jpg,mask,289,134,229,229
005e363863422dcb.jpg,mask,364,744,791,791
005e405f08ed3c23.jpg,mask,382,282,325,325
005e6941d6a2777e.jpg,mask,235,390,474,474
005e6941d6a2777e.jpg,mask,439,225,264,264
005e6941d6a2777e.jpg,mask,657,233,275,275
005e6941d6a2777e.jpg,mask,835,249,326,326
005eeb85a55596a7.jpg,mask,378,309,618,618
005f66f9f739c352.jpg,mask,264,179,245,245
005f66f9f739c352.jpg,mask,464,300,363,363
005f66f9f739c352.jpg,mask,649,212,284,284
005fb404d4aa6d49.jpg,mask,145,346,559,559
005feff8c814fb4c.jpg,mask,170,295,496,496
005feff8c814fb4c.jpg,mask,551,247,470,470
00627b61111a8412.jpg,mask,423,271,395,395
006307a7b868351a.jpg,mask,311,220,283,283
006307a7b868351a.jpg,mask,598,140,207,207
006307a7b868351a.jpg,mask,885,286,337,337
0063654162c38fbe.jpg,mask,400,207,285,285
0063654162c38fbe.jpg,mask,560,155,234,234
0063916feccdb495.jpg,mask,197,94,140,140
0063916feccdb495.jpg,mask,607,341,382,382
0063916feccdb495.jpg,mask,787,363,404,404
0063916feccdb495.jpg,mask,937,354,394,394
0063d49109550655.jpg,mask,158,529,780,780
0064b8c9ff624b88.jpg,mask,467,202,301,301
00650e63a1ed3b31.jpg,mask,147,375,668,668
00650e63a1ed3b31.jpg,mask,489,443,663,663
00656c6492ab6fd8.jpg,mask,633,223,281,281
00656c6492ab6fd8.jpg,mask,291,146,208,208
0066a933a3f036bf.jpg,mask,198,443,582,582
006798bd264c6c99.jpg,mask,361,325,519,519
0067dc6590e3a215.jpg,mask,344,264,338,338
0067dc6590e3a215.jpg,mask,652,285,341,341
006832821ce1e492.jpg,mask,445,280,483,483
006a1bb8403536e4.jpg,mask,236,255,322,322
006a1bb8403536e4.jpg,mask,707,185,261,261
006ad210b4453055.jpg,mask,0,277,303,303
006ad210b4453055.jpg,mask,141,446,497,497
006ad210b4453055.jpg,mask,318,290,318,318
006ad210b4453055.jpg,mask,568,384,424,424
006ad210b4453055.jpg,mask,792,449,497,497
006aec228e162121.jpg,mask,408,300,403,403
006b5c1689fddd91.jpg,mask,463,313,368,368
006b5c1689fddd91.jpg,mask,122,303,353,353
006b5c1689fddd91.jpg,mask,692,328,366,366
006b5c1689fddd91.jpg,mask,832,356,387,387
006b7084a43ecb43.jpg,mask,103,248,279,279
006b7084a43ecb43.jpg,mask,334,261,357,357
006b7084a43ecb43.jpg,mask,565,242,350,350
006ba6d5aafbe0dd.jpg,mask,304,214,265,265
006ba6d5aafbe0dd.jpg,mask,455,284,327,327
006ba6d5aafbe0dd.jpg,mask,625,267,305,305
006bc595ea80cd12.jpg,mask,215,240,362,362
006bc595ea80cd12.jpg,mask,431,505,656,656
006c648c458eeca2.jpg,mask,347,194,267,267
006c67325f88ab65.jpg,mask,390,320,575,575
006cab6ed2c2b97b.jpg,mask,413,335,528,528
006ce43d829ea459.jpg,mask,510,218,276,276
006ce43d829ea459.jpg,mask,658,178,240,240
006d214969c82cb5.jpg,mask,100,266,474,474
006d214969c82cb5.jpg,mask,624,441,668,668
006de51b19215b54.jpg,mask,211,448,621,621
006e6854160e52f7.jpg,mask,424,243,301,301
006e6b0a6d8ac96a.jpg,mask,44,379,408,408
006e6b0a6d8ac96a.jpg,mask,343,134,174,174
006e6b0a6d8ac96a.jpg,mask,506,96,136,136
006e6b0a6d8ac96a.jpg,mask,636,319,344,344
006e6b0a6d8ac96a.jpg,mask,802,308,338,338
006e6b0a6d8ac96a.jpg,mask,978,298,329,329
006ed7d11ae1df41.jpg,mask,249,305,459,459
006f44aead1f03f9.jpg,mask,183,217,330,330
006f44aead1f03f9.jpg,mask,376,215,318,318
006f6fd9e8b23125.jpg,mask,291,502,550,550
006f6fd9e8b23125.jpg,mask,496,578,620,620
006fd77d8d1a4983.jpg,mask,671,436,536,536
006fe017c83c80fb.jpg,mask,145,401,583,583
006fe017c83c80fb.jpg,mask,437,423,546,546
006fe017c83c80fb.jpg,mask,597,501,585,585
006fe017c83c80fb.jpg,mask,685,329,410,410
00728223e1e87e11.jpg,mask,490,257,309,309
007295b698f31f20.jpg,mask,263,376,671,671
007312875161ca61.jpg,mask,171,279,403,403
007312875161ca61.jpg,mask,341,239,371,371
0074375a24243c9a.jpg,mask,337,124,187,187
0074d923b524d51d.jpg,mask,355,323,568,568
00755552b4587ec6.jpg,mask,579,243,363,363
007575a3d2399034.jpg,mask,334,247,346,346
00758c10b2da2954.jpg,mask,267,110,219,219
00758c10b2da2954.jpg,mask,545,108,216,216
00767741b82e7e22.jpg,mask,282,251,323,323
00767741b82e7e22.jpg,mask,411,272,340,340
00767741b82e7e22.jpg,mask,495,244,313,313
00767741b82e7e22.jpg,mask,657,227,295,295
0076d0a5b763c051.jpg,mask,175,345,390,390
0076d0a5b763c051.jpg,mask,462,675,741,741
0076d0a5b763c051.jpg,mask,645,346,389,389
0076d0a5b763c051.jpg,mask,798,292,339,339
00790ccfad100384.jpg,mask,241,230,283,283
00790ccfad100384.jpg,mask,643,286,333,333
00792b5ecc3038f3.jpg,mask,241,394,679,679
00795c4e82c28887.jpg,mask,487,611,692,692
00796a8dcb1ef823.jpg,mask,97,191,273,273
00796a8dcb1ef823.jpg,mask,487,178,264,264
00796a8dcb1ef823.jpg,mask,743,127,210,210
0079c4c68d2b3eae.jpg,mask,458,413,698,698
007af517cde18beb.jpg,mask,128,290,341,341
007af517cde18beb.jpg,mask,270,247,307,307
007af517cde18beb.jpg,mask,482,239,298,298
007af517cde18beb.jpg,mask,763,169,227,227
007b77389f1a6f91.jpg,mask,160,156,312,312
007b77389f1a6f91.jpg,mask,455,325,485,485
007d2efafec0ab36.jpg,mask,138,328,446,446
007d7e5538961412.jpg,mask,211,366,648,648
007ddd70da118955.jpg,mask,355,398,589,589
007e2d0680208072.jpg,mask,443,335,472,472
007eb9df85b0f752.jpg,mask,241,336,437,437
007eb9df85b0f752.jpg,mask,465,357,445,445
007ed7b9a7ff4756.jpg,mask,206,252,353,353
007ed7b9a7ff4756.jpg,mask,336,216,308,308
007f228877ab527b.jpg,mask,272,225,258,258
007f228877ab527b.jpg,mask,344,201,240,240
007f228877ab527b.jpg,mask,417,330,371,371
007f228877ab527b.jpg,mask,426,155,194,194
007f228877ab527b.jpg,mask,488,282,325,325
007f228877ab527b.jpg,mask,590,242,282,282
007f4a507c3a9b2f.jpg,mask,250,358,576,576
007f51d27ba46d8f.jpg,mask,341,355,421,421
007fffc15e9d1b9f.jpg,mask,306,195,267,267
00816f1a3011fa5d.jpg,mask,485,373,421,421
0081c3513ebcb830.jpg,mask,285,233,296,296
0081c3513ebcb830.jpg,mask,647,177,249,249
0084028276e6c913.jpg,mask,126,206,249,249
0084028276e6c913.jpg,mask,433,272,307,307
0084028276e6c913.jpg,mask,670,243,288,288
0084295751366b6e.jpg,mask,249,256,369,369
0084d707a9cca12b.jpg,mask,218,494,537,537
0084d707a9cca12b.jpg,mask,320,339,365,365
0084d707a9cca12b.jpg,mask,495,355,382,382
0084d707a9cca12b.jpg,mask,673,392,418,418
0084d707a9cca12b.jpg,mask,872,268,298,298
0084fe212a0eacc1.jpg,mask,195,466,501,501
0084fe212a0eacc1.jpg,mask,319,476,518,518
0084fe212a0eacc1.jpg,mask,484,420,457,457
008516cf94ef257b.jpg,mask,190,362,427,427
008516cf94ef257b.jpg,mask,330,192,280,280
0087b26998b81613.jpg,mask,306,264,528,528
00883e606a6cf295.jpg,mask,396,491,691,691
00893899e8e89e54.jpg,mask,481,513,656,656
0089b83773fe821a.jpg,mask,284,440,464,464
0089b83773fe821a.jpg,mask,405,373,417,417
008a3c813011dfd7.jpg,mask,17,212,243,243
008a3c813011dfd7.jpg,mask,169,230,251,251
008a3c813011dfd7.jpg,mask,292,177,201,201
008a3c813011dfd7.jpg,mask,334,213,240,240
008a3c813011dfd7.jpg,mask,460,231,254,254
008a3c813011dfd7.jpg,mask,625,232,264,264
008a3c813011dfd7.jpg,mask,870,242,267,267
008aa77b26a89e0e.jpg,mask,332,402,475,475
008b09bfdad84b43.jpg,mask,85,345,422,422
008b09bfdad84b43.jpg,mask,396,359,403,403
008b09bfdad84b43.jpg,mask,539,391,423,423
008b09bfdad84b43.jpg,mask,808,362,409,409
008b560be437b75d.jpg,mask,85,272,304,304
008b560be437b75d.jpg,mask,919,42,72,72
008b6aadc469b3b8.jpg,mask,54,537,657,657
008b6aadc469b3b8.jpg,mask,128,266,352,352
008b6aadc469b3b8.jpg,mask,345,133,181,181
008b6aadc469b3b8.jpg,mask,547,211,257,257
008b6aadc469b3b8.jpg,mask,686,241,286,286
008b6aadc469b3b8.jpg,mask,803,532,665,665
008b6aadc469b3b8.jpg,mask,813,235,296,296
008b85f960b9cd82.jpg,mask,252,541,787,787
008b8e4be9f6c766.jpg,mask,141,164,205,205
008b8e4be9f6c766.jpg,mask,234,227,253,253
008b8e4be9f6c766.jpg,mask,325,232,266,266
008b8e4be9f6c766.jpg,mask,445,479,508,508
008b8e4be9f6c766.jpg,mask,474,203,239,239
008b8e4be9f6c766.jpg,mask,607,436,460,460
008b8e4be9f6c766.jpg,mask,626,207,235,235
008b8e4be9f6c766.jpg,mask,719,205,236,236
008ba59b66ffa2ca.jpg,mask,48,377,420,420
008ba59b66ffa2ca.jpg,mask,346,302,348,348
008ba59b66ffa2ca.jpg,mask,577,303,355,355
008ba59b66ffa2ca.jpg,mask,817,299,351,351
008bf03851527e74.jpg,mask,70,470,521,521
008bf03851527e74.jpg,mask,760,110,182,182
008c96a999b2e487.jpg,mask,361,278,472,472
008db28a7b179e09.jpg,mask,342,326,444,444
008f3f1e7778435c.jpg,mask,222,272,339,339
00901fe39e2b8eda.jpg,mask,317,386,442,442
00919261e7e1e1c5.jpg,mask,292,268,340,340
0091ebaea69fb3c7.jpg,mask,245,287,344,344
0091ebaea69fb3c7.jpg,mask,406,323,361,361
0091ebaea69fb3c7.jpg,mask,546,346,388,388
0092480d721e7d1a.jpg,mask,122,187,247,247
0092480d721e7d1a.jpg,mask,289,259,316,316
0092480d721e7d1a.jpg,mask,446,237,295,295
0092480d721e7d1a.jpg,mask,601,101,149,149
0092480d721e7d1a.jpg,mask,786,206,264,264
009431367d0b6c70.jpg,mask,361,320,401,401
009431367d0b6c70.jpg,mask,497,334,406,406
0094face2df83cbf.jpg,mask,433,351,595,595
0095aa9683051534.jpg,mask,284,276,319,319
0095aa9683051534.jpg,mask,538,337,383,383
0095aa9683051534.jpg,mask,821,272,324,324
00962c502e84b180.jpg,mask,327,302,467,467
0096f8d116a90b0c.jpg,mask,83,118,185,185
0096f8d116a90b0c.jpg,mask,444,120,178,178
0096f8d116a90b0c.jpg,mask,773,163,240,240
009829bc254478e1.jpg,mask,608,245,293,293
0098b022f4ac1c32.jpg,mask,100,577,838,838
009903d8a54f0fc4.jpg,mask,65,322,380,380
009903d8a54f0fc4.jpg,mask,307,495,672,672
0099a9ce72d7902b.jpg,mask,288,277,354,354
0099ad09513db92c.jpg,mask,437,272,390,390
0099ad09513db92c.jpg,mask,222,330,479,479
0099da1ca956f5fd.jpg,mask,284,375,642,642
009bc1de7a055571.jpg,mask,607,155,247,247
009bc1de7a055571.jpg,mask,188,245,345,345
009bc1de7a055571.jpg,mask,323,221,299,299
009bc1de7a055571.jpg,mask,407,243,323,323
009bc1de7a055571.jpg,mask,479,265,332,332
009bc1de7a055571.jpg,mask,903,327,396,396
009c3e4107fd2a2a.jpg,mask,334,327,462,462
009c3e4107fd2a2a.jpg,mask,500,247,390,390
009e350a7abc59ce.jpg,mask,368,353,694,694
009e350a7abc59ce.jpg,mask,0,182,207,207
009e350a7abc59ce.jpg,mask,97,182,211,211
009fe14f05fe92ae.jpg,mask,110,240,312,312
009fe14f05fe92ae.jpg,mask,278,250,304,304
00b1c4bf54a00c76.jpg,mask,74,304,397,397
00b1c4bf54a00c76.jpg,mask,481,348,416,416
00b1c4bf54a00c76.jpg,mask,787,366,427,427
00ad48c6cceb8d9b.jpg,mask,501,184,246,246
00ae560f0da59645.jpg,mask,384,345,491,491
00af04b76ad04719.jpg,mask,375,186,232,232
00af45c1dd0a9023.jpg,mask,356,458,719,719
00af46640b8b30a6.jpg,mask,133,276,358,358
00af46640b8b30a6.jpg,mask,240,209,273,273
00af46640b8b30a6.jpg,mask,366,310,366,366
00af46640b8b30a6.jpg,mask,480,239,304,304
00af46640b8b30a6.jpg,mask,515,423,514,514
00af46640b8b30a6.jpg,mask,686,264,344,344
00af46640b8b30a6.jpg,mask,823,383,477,477
00af6b83b587cfcd.jpg,mask,38,382,400,400
00af6b83b587cfcd.jpg,mask,43,382,399,399
00af6b83b587cfcd.jpg,mask,51,373,403,403
00af6b83b587cfcd.jpg,mask,157,409,460,460
00af6b83b587cfcd.jpg,mask,341,494,552,552
00af6b83b587cfcd.jpg,mask,407,407,432,432
00afbb6b3a8bcffe.jpg,mask,168,439,482,482
00afbb6b3a8bcffe.jpg,mask,700,111,159,159
00afd1e2ca99d389.jpg,mask,360,335,506,506
00afd1e2ca99d389.jpg,mask,913,422,465,465
00b1c4bf54a00c76.jpg,mask,74,304,397,397
00b1c4bf54a00c76.jpg,mask,481,348,416,416
00b1c4bf54a00c76.jpg,mask,787,366,427,427
00b242e2ccf93adc.jpg,mask,144,209,255,255
00b242e2ccf93adc.jpg,mask,888,307,353,353
00b2453d22321bc5.jpg,mask,88,245,411,411
00b2cec50ca38495.jpg,mask,437,402,597,597
00b3b10d53e16626.jpg,mask,280,358,480,480
00b47699cc205adf.jpg,mask,299,228,295,295
00b47699cc205adf.jpg,mask,674,169,255,255
00b4e69da7b5de35.jpg,mask,348,482,532,532
00b4e69da7b5de35.jpg,mask,526,442,512,512
00b4e69da7b5de35.jpg,mask,699,224,335,335
00b5612f931b71d6.jpg,mask,248,436,546,546
00b6067a9d4df4f6.jpg,mask,224,581,624,624
00b6067a9d4df4f6.jpg,mask,777,516,551,551
00b71f1524bac13e.jpg,mask,205,283,336,336
00b71f1524bac13e.jpg,mask,283,439,537,537
00b71f1524bac13e.jpg,mask,468,358,402,402
00b837f79450f01f.jpg,mask,172,417,482,482
00b837f79450f01f.jpg,mask,552,259,330,330
00b86bd83ab0596b.jpg,mask,565,569,636,636
00b95527ff06762f.jpg,mask,151,143,239,239
00b95527ff06762f.jpg,mask,382,228,299,299
00b95527ff06762f.jpg,mask,518,183,253,253
00b95527ff06762f.jpg,mask,759,191,257,257
00ba37bc770a7929.jpg,mask,570,187,267,267
00ba434123c44b19.jpg,mask,195,251,311,311
00ba434123c44b19.jpg,mask,465,321,360,360
00ba434123c44b19.jpg,mask,679,368,405,405
00bb0c471b36fe5a.jpg,mask,250,199,271,271
00bb0c471b36fe5a.jpg,mask,666,179,252,252
00bb3681f913a360.jpg,mask,94,425,447,447
00bb3681f913a360.jpg,mask,213,327,348,348
00bb3681f913a360.jpg,mask,242,389,414,414
00bb3681f913a360.jpg,mask,298,273,294,294
00bb3681f913a360.jpg,mask,353,402,426,426
00bb3681f913a360.jpg,mask,371,322,343,343
00bb3681f913a360.jpg,mask,396,188,214,214
00bb3681f913a360.jpg,mask,455,381,408,408
00bb3681f913a360.jpg,mask,490,189,210,210
00bb3681f913a360.jpg,mask,498,144,163,163
00bb3681f913a360.jpg,mask,528,307,325,325
00bb3681f913a360.jpg,mask,533,352,372,372
00bb3681f913a360.jpg,mask,535,225,245,245
00bb3681f913a360.jpg,mask,570,104,125,125
00bb3681f913a360.jpg,mask,625,385,414,414
00bb3681f913a360.jpg,mask,671,146,166,166
00bb3681f913a360.jpg,mask,726,140,162,162
00bb3681f913a360.jpg,mask,742,292,328,328
00bbc323b737d5af.jpg,mask,125,226,300,300
00bbc323b737d5af.jpg,mask,730,299,378,378
00bcba5c29f511f4.jpg,mask,49,378,395,395
00bcba5c29f511f4.jpg,mask,97,362,375,375
00bcba5c29f511f4.jpg,mask,333,332,344,344
00bcba5c29f511f4.jpg,mask,370,347,360,360
00bcba5c29f511f4.jpg,mask,493,430,490,490
00bcba5c29f511f4.jpg,mask,716,364,378,378
00bcba5c29f511f4.jpg,mask,757,380,455,455
00bcba5c29f511f4.jpg,mask,938,321,328,328
00bcd02b2571e4d7.jpg,mask,115,548,846,846
00bd0c666d5ebbbb.jpg,mask,84,323,560,560
00bd40100a1e1eb7.jpg,mask,583,479,485,485
00be7f82bd787bb1.jpg,mask,380,309,410,410
00be7f82bd787bb1.jpg,mask,520,330,434,434
00bf8ff57f6bca09.jpg,mask,168,343,430,430
00bf8ff57f6bca09.jpg,mask,297,209,313,313
00bf8ff57f6bca09.jpg,mask,582,183,275,275
00bf8ff57f6bca09.jpg,mask,852,327,364,364
00c0d1d91d662186.jpg,mask,137,160,214,214
00c2158e23e19969.jpg,mask,325,267,534,534
00c229eabec2f5be.jpg,mask,163,381,471,471
00c229eabec2f5be.jpg,mask,420,453,549,549
00c267315ba020a2.jpg,mask,426,158,315,315
00c267315ba020a2.jpg,mask,456,467,535,535
00c2c11453d1fb5c.jpg,mask,279,143,217,217
00c2c11453d1fb5c.jpg,mask,530,403,456,456
00c2c11453d1fb5c.jpg,mask,670,368,406,406
00c3108d5e110b8a.jpg,mask,112,974,992,992
00c3108d5e110b8a.jpg,mask,181,960,979,979
00c3108d5e110b8a.jpg,mask,246,947,960,960
00c3108d5e110b8a.jpg,mask,519,448,500,500
00c3108d5e110b8a.jpg,mask,806,1004,1023,1023
00c3108d5e110b8a.jpg,mask,821,802,817,817
00c3685518dfa3c3.jpg,mask,606,185,262,262
00c3cfda6946dde8.jpg,mask,0,279,317,317
00c3cfda6946dde8.jpg,mask,305,191,264,264
00c3cfda6946dde8.jpg,mask,350,428,445,445
00c3cfda6946dde8.jpg,mask,391,363,375,375
00c3cfda6946dde8.jpg,mask,422,399,420,420
00c3cfda6946dde8.jpg,mask,503,218,283,283
00c3ec1c49ea2ebe.jpg,mask,289,369,503,503
00c3ec1c49ea2ebe.jpg,mask,761,547,612,612
00c408c5fc359d7c.jpg,mask,236,151,219,219
00c408c5fc359d7c.jpg,mask,476,229,293,293
00c408c5fc359d7c.jpg,mask,762,119,182,182
00c4667f5015b911.jpg,mask,131,227,265,265
00c4667f5015b911.jpg,mask,205,294,330,330
00c4667f5015b911.jpg,mask,321,224,259,259
00c4667f5015b911.jpg,mask,432,277,302,302
00c4667f5015b911.jpg,mask,587,236,266,266
00c4667f5015b911.jpg,mask,722,256,286,286
00c4667f5015b911.jpg,mask,845,221,252,252
00c4e2c4d91633a9.jpg,mask,35,426,851,851
00c68c590d7e3ec0.jpg,mask,510,378,579,579
00c6dd93929687ee.jpg,mask,213,158,278,278
00c6dd93929687ee.jpg,mask,564,170,194,194
00c6dd93929687ee.jpg,mask,623,117,130,130
00c70bbf72a49d5b.jpg,mask,29,217,245,245
00c70bbf72a49d5b.jpg,mask,72,198,216,216
00c70bbf72a49d5b.jpg,mask,166,227,253,253
00c70bbf72a49d5b.jpg,mask,213,195,211,211
00c70bbf72a49d5b.jpg,mask,258,174,190,190
00c70bbf72a49d5b.jpg,mask,262,67,80,80
00c70bbf72a49d5b.jpg,mask,266,198,221,221
00c70bbf72a49d5b.jpg,mask,396,173,229,229
00c70bbf72a49d5b.jpg,mask,481,146,207,207
00c70bbf72a49d5b.jpg,mask,601,301,363,363
00c70bbf72a49d5b.jpg,mask,692,208,276,276
00c70bbf72a49d5b.jpg,mask,925,148,160,160
00c70bbf72a49d5b.jpg,mask,945,214,239,239
00c7293b95494b82.jpg,mask,427,192,296,296
00c77ef632d7e6e9.jpg,mask,323,214,313,313
00c77ef632d7e6e9.jpg,mask,537,225,326,326
00c802e75058fc82.jpg,mask,308,267,405,405
00c802e75058fc82.jpg,mask,610,370,448,448
00c844e120c3a2a1.jpg,mask,205,131,208,208
00c844e120c3a2a1.jpg,mask,588,256,295,295
00c844e120c3a2a1.jpg,mask,782,314,364,364
00c89992ceaf7f86.jpg,mask,222,247,357,357
00c89992ceaf7f86.jpg,mask,693,287,389,389
00c8c3039e41c44b.jpg,mask,199,201,240,240
00c8c3039e41c44b.jpg,mask,304,217,252,252
00c8c3039e41c44b.jpg,mask,487,156,215,215
00c8c3039e41c44b.jpg,mask,882,248,271,271
00c90458856a8866.jpg,mask,593,143,234,234
00c9bc3f3b22221a.jpg,mask,257,200,295,295
00c9bc3f3b22221a.jpg,mask,485,235,330,330
00c9bc3f3b22221a.jpg,mask,769,333,410,410
00ca0e6cb5458763.jpg,mask,329,176,243,243
00ca0e6cb5458763.jpg,mask,499,256,312,312
00ca0e6cb5458763.jpg,mask,636,184,254,254
00ca0e6cb5458763.jpg,mask,960,259,291,291
00ca5ad710744f27.jpg,mask,375,311,476,476
00ca5ad710744f27.jpg,mask,947,329,374,374
00ca8ce08bfca79c.jpg,mask,163,602,880,880
00cb399afa8f6bf8.jpg,mask,0,243,289,289
00cb399afa8f6bf8.jpg,mask,46,183,216,216
00cb399afa8f6bf8.jpg,mask,150,208,235,235
00cb399afa8f6bf8.jpg,mask,264,239,273,273
00cb399afa8f6bf8.jpg,mask,454,219,249,249
00cb399afa8f6bf8.jpg,mask,555,173,211,211
00cb399afa8f6bf8.jpg,mask,635,185,220,220
00cb399afa8f6bf8.jpg,mask,681,208,250,250
00cb532413268b74.jpg,mask,433,370,592,592
00cb53b298d8431c.jpg,mask,446,266,333,333
00cc0b94078e0282.jpg,mask,196,193,246,246
00cc0b94078e0282.jpg,mask,460,548,590,590
00cc0b94078e0282.jpg,mask,600,454,492,492
00cc0b94078e0282.jpg,mask,738,211,251,251
00cc9bed90c4ec30.jpg,mask,392,308,464,464
00cd21e01c401a0c.jpg,mask,245,285,424,424
00cd21e01c401a0c.jpg,mask,519,294,452,452
00cd66ab36a4bd25.jpg,mask,199,249,411,411
00cdb86bddc22fc1.jpg,mask,0,244,265,265
00cdb86bddc22fc1.jpg,mask,81,281,297,297
00cdb86bddc22fc1.jpg,mask,161,273,286,286
00cdb86bddc22fc1.jpg,mask,234,273,287,287
00cdb86bddc22fc1.jpg,mask,377,236,254,254
00cdb86bddc22fc1.jpg,mask,385,282,294,294
00cdb86bddc22fc1.jpg,mask,453,260,275,275
00cdb86bddc22fc1.jpg,mask,526,267,281,281
00cdb86bddc22fc1.jpg,mask,594,284,295,295
00cdb86bddc22fc1.jpg,mask,596,241,250,250
00cdb86bddc22fc1.jpg,mask,656,270,284,284
00cdb86bddc22fc1.jpg,mask,732,267,284,284
00cdb86bddc22fc1.jpg,mask,755,196,237,237
00ce35660b82abf0.jpg,mask,325,337,551,551
00ce8acd9ff47240.jpg,mask,97,244,313,313
00ce8acd9ff47240.jpg,mask,179,108,144,144
00ce8acd9ff47240.jpg,mask,721,313,384,384
00ce8acd9ff47240.jpg,mask,869,160,191,191
00ceec67a7ed3361.jpg,mask,528,206,298,298
00ceec67a7ed3361.jpg,mask,128,236,276,276
00ceec67a7ed3361.jpg,mask,364,166,264,264
00cf091d53d2e0ec.jpg,mask,232,406,519,519
00cff30575e43261.jpg,mask,380,227,306,306
00cff4e6e7e394d6.jpg,mask,427,234,307,307
00cff4e6e7e394d6.jpg,mask,607,200,295,295
00d078621fe80579.jpg,mask,411,276,388,388
00d0884eac7d8401.jpg,mask,177,358,437,437
00d0884eac7d8401.jpg,mask,465,323,422,422
00d0c4fa0d132f30.jpg,mask,202,356,418,418
00d0c4fa0d132f30.jpg,mask,496,265,329,329
00d0fde31a0ea57c.jpg,mask,425,207,311,311
00d10b1211b59e90.jpg,mask,503,279,321,321
00d1507b6ac91519.jpg,mask,61,232,302,302
00d1507b6ac91519.jpg,mask,146,544,614,614
00d1eca3f26d243d.jpg,mask,304,422,577,577
00d22411e903bb0a.jpg,mask,344,399,611,611
00d287a275a6965b.jpg,mask,0,147,293,293
00d287a275a6965b.jpg,mask,575,475,527,527
00d29723cbd0da0f.jpg,mask,146,340,411,411
00d29723cbd0da0f.jpg,mask,423,160,282,282
00d30367d8e2321c.jpg,mask,246,296,381,381
00d30367d8e2321c.jpg,mask,503,306,382,382
00d30367d8e2321c.jpg,mask,768,356,434,434
00d32f2fe8d05146.jpg,mask,455,438,472,472
00d4131784c77ea1.jpg,mask,276,231,288,288
00d4da7256eb8ec5.jpg,mask,515,439,474,474
00d4da7256eb8ec5.jpg,mask,632,467,504,504
00d4da7256eb8ec5.jpg,mask,696,370,381,381
00d5257d3dbebc56.jpg,mask,152,256,308,308
00d5257d3dbebc56.jpg,mask,291,256,318,318
00d5257d3dbebc56.jpg,mask,438,261,316,316
00d5257d3dbebc56.jpg,mask,533,264,313,313
00d5257d3dbebc56.jpg,mask,716,274,319,319
00d5257d3dbebc56.jpg,mask,859,230,278,278
00d5478aeed377bd.jpg,mask,90,259,308,308
00d5478aeed377bd.jpg,mask,165,255,299,299
00d5478aeed377bd.jpg,mask,196,369,426,426
00d5478aeed377bd.jpg,mask,225,193,242,242
00d5478aeed377bd.jpg,mask,335,253,298,298
00d5478aeed377bd.jpg,mask,411,313,361,361
00d5478aeed377bd.jpg,mask,487,153,201,201
00d5478aeed377bd.jpg,mask,515,361,428,428
00d5478aeed377bd.jpg,mask,546,243,289,289
00d5478aeed377bd.jpg,mask,685,287,336,336
00d5478aeed377bd.jpg,mask,813,322,386,386
00d57250321c818e.jpg,mask,344,366,430,430
00d583d827b0fb5d.jpg,mask,201,329,536,536
00d5b7d68d52ac56.jpg,mask,325,302,366,366
00d604cd72466551.jpg,mask,125,414,631,631
00d68dc021f3c8e5.jpg,mask,207,347,386,386
00d68dc021f3c8e5.jpg,mask,336,350,387,387
00d68faa46d7034e.jpg,mask,440,344,477,477
00d756943978a74d.jpg,mask,325,227,280,280
00d756943978a74d.jpg,mask,431,384,446,446
00d756943978a74d.jpg,mask,472,180,230,230
00d756943978a74d.jpg,mask,586,434,505,505
00d756943978a74d.jpg,mask,627,222,272,272
00d7763cf235ce68.jpg,mask,619,320,336,336
00d776753d3b554e.jpg,mask,196,236,342,342
00d776753d3b554e.jpg,mask,320,139,277,277
00d776753d3b554e.jpg,mask,196,236,342,342
00d776753d3b554e.jpg,mask,320,139,277,277
00d776753d3b554e.jpg,mask,462,434,612,612
00d783a38ba4648b.jpg,mask,478,299,497,497
00d7b4cee83ecefd.jpg,mask,565,224,301,301
00d843bca82fe7fa.jpg,mask,334,425,457,457
00d843bca82fe7fa.jpg,mask,449,325,363,363
00d843bca82fe7fa.jpg,mask,478,402,467,467
00d843bca82fe7fa.jpg,mask,699,389,424,424
00f54ac6d3153a78.jpg,mask,23,247,297,297
00f54ac6d3153a78.jpg,mask,103,209,244,244
00f54ac6d3153a78.jpg,mask,348,295,337,337
00f54ac6d3153a78.jpg,mask,635,224,262,262
00f54ac6d3153a78.jpg,mask,765,217,247,247
00f54ac6d3153a78.jpg,mask,861,393,450,450
00f54ac6d3153a78.jpg,mask,888,135,164,164
00f59a33fde34eed.jpg,mask,96,212,254,254
00f59a33fde34eed.jpg,mask,314,380,440,440
00f59a33fde34eed.jpg,mask,456,126,183,183
00f59a33fde34eed.jpg,mask,563,180,240,240
00f59a33fde34eed.jpg,mask,666,366,426,426
00f5fef95997e308.jpg,mask,70,311,340,340
00f5fef95997e308.jpg,mask,331,237,278,278
00f5fef95997e308.jpg,mask,528,192,239,239
00f5fef95997e308.jpg,mask,790,272,306,306
00f5fef95997e308.jpg,mask,933,286,322,322
00f69abf38abe79d.jpg,mask,23,317,382,382
00f69abf38abe79d.jpg,mask,24,205,244,244
00f69abf38abe79d.jpg,mask,265,179,211,211
00f69abf38abe79d.jpg,mask,430,158,189,189
00f69abf38abe79d.jpg,mask,638,150,181,181
00f69abf38abe79d.jpg,mask,829,207,249,249
00f6cde48fa4903e.jpg,mask,196,263,291,291
00f6cde48fa4903e.jpg,mask,309,265,299,299
00f6cde48fa4903e.jpg,mask,460,269,295,295
00f6cde48fa4903e.jpg,mask,570,268,296,296
00f6cde48fa4903e.jpg,mask,657,274,317,317
00f6cde48fa4903e.jpg,mask,867,248,278,278
00f6cde48fa4903e.jpg,mask,925,249,282,282
00f77d801766b96b.jpg,mask,243,360,496,496
00f7b23a7cebe4a4.jpg,mask,211,569,590,590
00f7b23a7cebe4a4.jpg,mask,320,579,599,599
00f7b23a7cebe4a4.jpg,mask,367,582,599,599
00f7b23a7cebe4a4.jpg,mask,417,687,712,712
00f7ce7ec25b8962.jpg,mask,274,191,255,255
00f7ce7ec25b8962.jpg,mask,504,170,238,238
00f8c9feed21a6dd.jpg,mask,173,328,516,516
00f93ea6ad1515e3.jpg,mask,340,212,306,306
00f93ea6ad1515e3.jpg,mask,629,223,313,313
00f99571a0243cdc.jpg,mask,192,410,710,710
00f9be6657f3ad7d.jpg,mask,32,540,558,558
00f9be6657f3ad7d.jpg,mask,128,489,499,499
00f9be6657f3ad7d.jpg,mask,159,479,489,489
00f9be6657f3ad7d.jpg,mask,161,553,579,579
00f9be6657f3ad7d.jpg,mask,258,488,499,499
00f9be6657f3ad7d.jpg,mask,384,492,501,501
00f9be6657f3ad7d.jpg,mask,796,740,759,759
00f9c4a3ec516728.jpg,mask,496,136,190,190
00fa743c95e7989c.jpg,mask,222,186,258,258
00fa743c95e7989c.jpg,mask,602,178,247,247
00fa743c95e7989c.jpg,mask,764,114,154,154
00fac5894b9b83bc.jpg,mask,119,123,180,180
00fac5894b9b83bc.jpg,mask,444,139,197,197
00fac5894b9b83bc.jpg,mask,800,141,206,206
00fc5579a60a75e5.jpg,mask,166,320,353,353
00fc5579a60a75e5.jpg,mask,280,286,312,312
00fc5579a60a75e5.jpg,mask,573,301,347,347
00fe19f6324beb0c.jpg,mask,51,223,268,268
00fe19f6324beb0c.jpg,mask,266,190,233,233
00fe19f6324beb0c.jpg,mask,624,198,235,235
00fe19f6324beb0c.jpg,mask,864,260,307,307
00ff0b79d64c9d44.jpg,mask,221,340,565,565
00ff6bffa7eba1e7.jpg,mask,83,259,277,277
00ff6bffa7eba1e7.jpg,mask,192,287,309,309
00ff6bffa7eba1e7.jpg,mask,284,269,285,285
00ff6bffa7eba1e7.jpg,mask,316,386,415,415
00ff6bffa7eba1e7.jpg,mask,371,407,451,451
00ff6bffa7eba1e7.jpg,mask,432,252,276,276
00ff6bffa7eba1e7.jpg,mask,449,161,177,177
00ff6bffa7eba1e7.jpg,mask,550,260,283,283
00ff6bffa7eba1e7.jpg,mask,798,582,635,635
00ff6bffa7eba1e7.jpg,mask,814,375,412,412
00ffde9db3355da7.jpg,mask,17,602,705,705
0102a0559856aeb5.jpg,mask,276,426,531,531
01036f558eed822a.jpg,mask,221,228,267,267
01036f558eed822a.jpg,mask,376,223,263,263
01036f558eed822a.jpg,mask,517,277,307,307
01036f558eed822a.jpg,mask,673,240,287,287
0104de0adcf98f14.jpg,mask,0,237,300,300
0104de0adcf98f14.jpg,mask,206,227,290,290
0104de0adcf98f14.jpg,mask,433,243,300,300
0104de0adcf98f14.jpg,mask,606,254,317,317
0104de0adcf98f14.jpg,mask,958,286,346,346
010604fe79d1e009.jpg,mask,90,174,303,303
010604fe79d1e009.jpg,mask,689,266,396,396
010673a31580119f.jpg,mask,435,337,428,428
0106f5b5df9135df.jpg,mask,270,254,388,388
0106f5b5df9135df.jpg,mask,548,303,456,456
0107c28bd1bded70.jpg,mask,75,268,329,329
0107c28bd1bded70.jpg,mask,251,234,286,286
0107c28bd1bded70.jpg,mask,461,206,259,259
0107c28bd1bded70.jpg,mask,759,328,394,394
01097edced4e5e28.jpg,mask,294,307,345,345
0109f7dc0168724c.jpg,mask,292,342,433,433
010a650508a09876.jpg,mask,400,353,569,569
010ae309b185a445.jpg,mask,241,275,403,403
010b89f210061948.jpg,mask,460,246,399,399
010cde498677784b.jpg,mask,95,380,460,460
010cde498677784b.jpg,mask,353,297,343,343
010cde498677784b.jpg,mask,512,169,220,220
010cde498677784b.jpg,mask,576,125,162,162
010dba6ec510cee1.jpg,mask,253,244,435,435
010dba6ec510cee1.jpg,mask,505,305,450,450
010e72363d6e453d.jpg,mask,442,250,413,413
010e76eaa802736f.jpg,mask,312,293,313,313
010e76eaa802736f.jpg,mask,348,250,277,277
010e76eaa802736f.jpg,mask,379,379,397,397
010e76eaa802736f.jpg,mask,380,202,228,228
010e76eaa802736f.jpg,mask,481,434,455,455
010e76eaa802736f.jpg,mask,482,216,241,241
010e76eaa802736f.jpg,mask,561,208,237,237
010e76eaa802736f.jpg,mask,565,387,412,412
010e76eaa802736f.jpg,mask,602,559,584,584
010e76eaa802736f.jpg,mask,629,221,244,244
010e76eaa802736f.jpg,mask,730,210,238,238
010e76eaa802736f.jpg,mask,829,216,238,238
010efe09223dbbfc.jpg,mask,150,343,595,595
010ff9f9677f0f0e.jpg,mask,264,162,237,237
010ff9f9677f0f0e.jpg,mask,468,165,231,231
010ff9f9677f0f0e.jpg,mask,669,194,272,272
010ff9f9677f0f0e.jpg,mask,954,299,315,315
011016195c86adb2.jpg,mask,213,189,230,230
011016195c86adb2.jpg,mask,368,218,251,251
011016195c86adb2.jpg,mask,516,143,188,188
011016195c86adb2.jpg,mask,712,158,201,201
0110bf3b3f62c05a.jpg,mask,501,88,160,160
0110f893a6dd291f.jpg,mask,84,609,756,756
0110f893a6dd291f.jpg,mask,350,400,602,602
011107197cbb6770.jpg,mask,474,100,167,167
0113478b9755c7fd.jpg,mask,548,401,553,553
0113c5150cedd430.jpg,mask,136,415,557,557
0113c5150cedd430.jpg,mask,343,335,449,449
0114adfcd860459a.jpg,mask,145,180,261,261
0114adfcd860459a.jpg,mask,696,237,322,322
0115dd471b56de4e.jpg,mask,334,171,254,254
011858c1181ebe3a.jpg,mask,318,359,614,614
011858c1181ebe3a.jpg,mask,896,276,293,293
0118de982ca26baf.jpg,mask,519,222,332,332
0118fc9965137a64.jpg,mask,137,191,315,315
0118fc9965137a64.jpg,mask,632,263,367,367
0119d6af37375ee5.jpg,mask,172,300,321,321
0119d6af37375ee5.jpg,mask,297,306,325,325
011aaadee1d70fb2.jpg,mask,352,302,357,357
011aaadee1d70fb2.jpg,mask,697,281,333,333
011ab06b4bfc29e2.jpg,mask,315,243,317,317
011ab06b4bfc29e2.jpg,mask,577,225,290,290
011ae647c0293424.jpg,mask,495,325,426,426
011b57b502b102c8.jpg,mask,346,199,302,302
011b65adb49836d4.jpg,mask,184,484,524,524
011b65adb49836d4.jpg,mask,275,298,330,330
011b65adb49836d4.jpg,mask,334,502,542,542
011b65adb49836d4.jpg,mask,488,302,332,332
011b65adb49836d4.jpg,mask,502,521,564,564
011b65adb49836d4.jpg,mask,670,280,317,317
011b65adb49836d4.jpg,mask,818,477,514,514
011d09eb04956255.jpg,mask,460,322,363,363
011d1620d21c3733.jpg,mask,8,243,307,307
011d1620d21c3733.jpg,mask,860,171,234,234
011ddddb7a59e003.jpg,mask,583,589,638,638
011e547e6698b265.jpg,mask,232,428,602,602
011e547e6698b265.jpg,mask,640,308,445,445
011e7983fe8f1949.jpg,mask,257,234,352,352
011f0cd6470b4432.jpg,mask,381,184,245,245
011f0cd6470b4432.jpg,mask,535,152,211,211
011f0cd6470b4432.jpg,mask,913,177,228,228
011f36d49053d9d8.jpg,mask,137,428,604,604
011f36d49053d9d8.jpg,mask,354,387,572,572
011f4046d8684418.jpg,mask,371,232,275,275
011f4046d8684418.jpg,mask,487,254,302,302
011f4046d8684418.jpg,mask,618,191,247,247
011f4046d8684418.jpg,mask,856,230,250,250
011f53e09bf39453.jpg,mask,266,425,499,499
011f53e09bf39453.jpg,mask,461,201,249,249
011f53e09bf39453.jpg,mask,657,424,478,478
01205238220dfea2.jpg,mask,277,224,275,275
0120ca962907102b.jpg,mask,315,261,356,356
0120d7d162dcae06.jpg,mask,229,456,635,635
0121278058cbc221.jpg,mask,291,281,347,347
0121278058cbc221.jpg,mask,531,139,227,227
01219c8c09f90894.jpg,mask,162,263,407,407
01219c8c09f90894.jpg,mask,596,228,380,380
0121d42cd390e41d.jpg,mask,148,171,329,329
012380f37bb3dc66.jpg,mask,614,210,300,300
012380f37bb3dc66.jpg,mask,896,220,257,257
0125d557dd7ffc6f.jpg,mask,104,447,466,466
0125d557dd7ffc6f.jpg,mask,301,417,448,448
0125d557dd7ffc6f.jpg,mask,351,440,466,466
0125d557dd7ffc6f.jpg,mask,470,426,461,461
0125d557dd7ffc6f.jpg,mask,625,433,470,470
0125d557dd7ffc6f.jpg,mask,920,444,483,483
0125f55e3b5042a3.jpg,mask,738,291,331,331
01263259eb6d08f6.jpg,mask,18,177,216,216
01263259eb6d08f6.jpg,mask,163,269,316,316
01266d423626225e.jpg,mask,271,282,412,412
0127e89eb678d7e8.jpg,mask,507,153,228,228
0127ee27a9de12de.jpg,mask,353,178,302,302
01286e8da361f466.jpg,mask,152,177,225,225
01286e8da361f466.jpg,mask,555,183,233,233
01286e8da361f466.jpg,mask,739,186,231,231
0128f08438f7d6f6.jpg,mask,446,120,175,175
0128f08438f7d6f6.jpg,mask,565,133,195,195
012a06081632ed98.jpg,mask,113,576,744,744
012a06081632ed98.jpg,mask,311,287,465,465
012a69e95e063457.jpg,mask,332,227,249,249
012a69e95e063457.jpg,mask,523,187,240,240
012b3314300b25f4.jpg,mask,331,347,604,604
012e5eb65417e742.jpg,mask,234,202,404,404
012e5eb65417e742.jpg,mask,543,425,543,543
012ea8d46d0b22ed.jpg,mask,504,235,294,294
012ea8d46d0b22ed.jpg,mask,658,117,174,174
012ea8d46d0b22ed.jpg,mask,831,196,249,249
012f6c779ea06945.jpg,mask,279,185,243,243
012f6c779ea06945.jpg,mask,437,149,176,176
012f6c779ea06945.jpg,mask,539,270,339,339
012fdd9b784f0409.jpg,mask,165,92,127,127
012fdd9b784f0409.jpg,mask,457,103,142,142
012fdd9b784f0409.jpg,mask,731,99,130,130
01336b5e85268028.jpg,mask,14,373,479,479
01336b5e85268028.jpg,mask,738,380,552,552
013543040c660f1e.jpg,mask,264,278,329,329
01368b6c0e27951a.jpg,mask,298,594,688,688
0136f971ecd306af.jpg,mask,342,231,270,270
01373b033767a10a.jpg,mask,279,310,514,514
01373b033767a10a.jpg,mask,549,457,641,641
01376892d3496811.jpg,mask,451,260,310,310
01376892d3496811.jpg,mask,695,288,349,349
0137cfb8d7ced019.jpg,mask,377,309,489,489
0138586efb210408.jpg,mask,481,236,299,299
0138586efb210408.jpg,mask,892,236,241,241
01391be8208c51ec.jpg,mask,321,290,450,450
013975dd305f806e.jpg,mask,521,314,467,467
013aa3fcb09967ca.jpg,mask,419,263,410,410
013abe90f7541f2a.jpg,mask,186,202,348,348
013b2858b5d84662.jpg,mask,101,444,536,536
013b2858b5d84662.jpg,mask,334,457,535,535
013bdf70858c6376.jpg,mask,608,365,412,412
013ca7b3a50d6262.jpg,mask,195,229,261,261
013ca7b3a50d6262.jpg,mask,655,296,329,329
013cc624ac68b393.jpg,mask,259,708,772,772
013cc624ac68b393.jpg,mask,274,434,488,488
013dbbc8737c642c.jpg,mask,96,245,287,287
013dbbc8737c642c.jpg,mask,222,233,270,270
013dbbc8737c642c.jpg,mask,295,217,245,245
013dbbc8737c642c.jpg,mask,424,231,268,268
013dbbc8737c642c.jpg,mask,556,237,266,266
013dbbc8737c642c.jpg,mask,636,226,259,259
013dbbc8737c642c.jpg,mask,706,224,263,263
013dbbc8737c642c.jpg,mask,783,219,254,254
013dbbc8737c642c.jpg,mask,878,233,266,266
013dc23cf6fb2ead.jpg,mask,153,304,405,405
013dc23cf6fb2ead.jpg,mask,332,337,401,401
013e77a70355f66b.jpg,mask,340,294,332,332
013ed89e51da6c3a.jpg,mask,471,180,256,256
013ed89e51da6c3a.jpg,mask,608,276,385,385
013f31bd342d5c76.jpg,mask,229,207,346,346
0141180ae03c1b3a.jpg,mask,7,635,665,665
0141180ae03c1b3a.jpg,mask,305,467,552,552
014129d0458c9351.jpg,mask,287,131,227,227
0141ce6147ef43d6.jpg,mask,276,309,617,617
01423878f1366b1f.jpg,mask,402,208,278,278
01423878f1366b1f.jpg,mask,726,205,267,267
0142613367fb1966.jpg,mask,475,212,347,347
0143cd49784ef423.jpg,mask,380,154,261,261
01444e8c72dd0448.jpg,mask,441,238,336,336
01453da520ae3269.jpg,mask,480,335,408,408
0145588fb38011ca.jpg,mask,339,280,394,394
014642e7262d4a9f.jpg,mask,410,260,282,282
014642e7262d4a9f.jpg,mask,453,265,292,292
01483967f785c157.jpg,mask,185,255,325,325
01483967f785c157.jpg,mask,390,274,354,354
014952905eef78cf.jpg,mask,228,212,286,286
014952905eef78cf.jpg,mask,397,219,281,281
014952905eef78cf.jpg,mask,571,172,239,239
014952905eef78cf.jpg,mask,737,214,286,286
014952905eef78cf.jpg,mask,933,154,206,206
014952905eef78cf.jpg,mask,977,252,308,308
014a7f8aa65cdacc.jpg,mask,335,324,493,493
014a7f8aa65cdacc.jpg,mask,595,251,388,388
014a7f8aa65cdacc.jpg,mask,789,134,267,267
014b1dab36796200.jpg,mask,0,273,361,361
014b1dab36796200.jpg,mask,230,261,300,300
014b1dab36796200.jpg,mask,330,246,308,308
014b1dab36796200.jpg,mask,591,210,254,254
014b1dab36796200.jpg,mask,806,146,233,233
014ce0a318cbf7d6.jpg,mask,212,174,225,225
014ce0a318cbf7d6.jpg,mask,769,326,370,370
014ce0a318cbf7d6.jpg,mask,986,332,370,370
014d29f301c13f2d.jpg,mask,322,258,426,426
014efd9b27bb70f4.jpg,mask,195,342,441,441
014efd9b27bb70f4.jpg,mask,718,277,364,364
014f2ac0f9d7f7a8.jpg,mask,96,134,181,181
014f2ac0f9d7f7a8.jpg,mask,247,183,232,232
014f2ac0f9d7f7a8.jpg,mask,476,179,227,227
014f2ac0f9d7f7a8.jpg,mask,630,200,246,246
014f2ac0f9d7f7a8.jpg,mask,797,206,249,249
014f58d101d1e7a9.jpg,mask,3,177,216,216
014f58d101d1e7a9.jpg,mask,227,231,303,303
014f58d101d1e7a9.jpg,mask,424,312,374,374
014f58d101d1e7a9.jpg,mask,556,259,334,334
014f58d101d1e7a9.jpg,mask,956,342,373,373
014f92d315a60ba2.jpg,mask,0,399,444,444
014f92d315a60ba2.jpg,mask,138,360,413,413
014f92d315a60ba2.jpg,mask,281,346,481,481
0150851a71c51e77.jpg,mask,171,453,792,792
0154b2a00451f96c.jpg,mask,320,336,367,367
0154b2a00451f96c.jpg,mask,543,314,494,494
0154e13e77bf5cbf.jpg,mask,476,310,409,409
01550c758df780c5.jpg,mask,122,238,351,351
01550c758df780c5.jpg,mask,644,287,359,359
015679b7a519552c.jpg,mask,16,533,575,575
015679b7a519552c.jpg,mask,476,496,543,543
015679b7a519552c.jpg,mask,783,518,555,555
015686c66c6e8caa.jpg,mask,456,281,348,348
0156a6ff8d1a5396.jpg,mask,134,266,352,352
0156a6ff8d1a5396.jpg,mask,749,249,339,339
01580ddfc4583058.jpg,mask,296,230,312,312
01580ddfc4583058.jpg,mask,460,144,229,229
015897da68815bac.jpg,mask,238,182,252,252
015897da68815bac.jpg,mask,394,203,277,277
015897da68815bac.jpg,mask,618,224,295,295
015897da68815bac.jpg,mask,721,229,291,291
015987f2436dd565.jpg,mask,546,383,571,571
015acbc0bfaa4adf.jpg,mask,52,284,340,340
015acbc0bfaa4adf.jpg,mask,291,249,283,283
015acbc0bfaa4adf.jpg,mask,328,226,254,254
015acbc0bfaa4adf.jpg,mask,565,195,225,225
015acbc0bfaa4adf.jpg,mask,590,224,251,251
015acbc0bfaa4adf.jpg,mask,629,255,299,299
015acbc0bfaa4adf.jpg,mask,810,295,357,357
015ba08275d9f61a.jpg,mask,149,200,248,248
015ba08275d9f61a.jpg,mask,484,198,244,244
015ba08275d9f61a.jpg,mask,753,242,297,297
015c2e9170199bfd.jpg,mask,193,241,318,318
015c2e9170199bfd.jpg,mask,409,218,277,277
015cc8503cbc609e.jpg,mask,35,305,447,447
015cc8503cbc609e.jpg,mask,401,432,569,569
015d7974ab402bb6.jpg,mask,227,203,257,257
015d7974ab402bb6.jpg,mask,457,160,201,201
015d7974ab402bb6.jpg,mask,705,206,268,268
015dfbc3a70d12af.jpg,mask,268,381,457,457
015dfbc3a70d12af.jpg,mask,648,388,474,474
015ee3540fbac3c8.jpg,mask,156,422,654,654
015f02f78cf16626.jpg,mask,430,281,378,378
015f4dcda9643329.jpg,mask,181,480,536,536
015f8288fd7d9211.jpg,mask,400,351,410,410
015f8288fd7d9211.jpg,mask,499,102,160,160
016410ce46da0786.jpg,mask,80,327,382,382
016410ce46da0786.jpg,mask,356,305,374,374
016410ce46da0786.jpg,mask,842,271,354,354
016653d7a41b6996.jpg,mask,27,242,286,286
016653d7a41b6996.jpg,mask,181,352,401,401
016653d7a41b6996.jpg,mask,330,347,390,390
016653d7a41b6996.jpg,mask,489,332,373,373
016653d7a41b6996.jpg,mask,652,320,358,358
016653d7a41b6996.jpg,mask,818,323,370,370
016653d7a41b6996.jpg,mask,957,221,279,279
0166bfe6cfa084f9.jpg,mask,327,260,315,315
0166bfe6cfa084f9.jpg,mask,659,275,334,334
0167274992699a0b.jpg,mask,113,174,232,232
0167274992699a0b.jpg,mask,323,143,205,205
0167274992699a0b.jpg,mask,568,158,226,226
0167274992699a0b.jpg,mask,848,123,185,185
016757843965de34.jpg,mask,216,254,397,397
01682db3d99602fe.jpg,mask,208,238,340,340
01686482855ec548.jpg,mask,226,358,583,583
01695c4f1dc8568e.jpg,mask,408,148,245,245
0169b0c39ba5f6d2.jpg,mask,154,492,704,704
016a2d2ab6e7e941.jpg,mask,307,297,383,383
016a7ae288178c53.jpg,mask,229,173,267,267
016a7ae288178c53.jpg,mask,472,202,289,289
016a7ae288178c53.jpg,mask,772,153,235,235
016b3ca0cb41b40b.jpg,mask,376,364,410,410
016c089a1b580762.jpg,mask,466,195,313,313
016ca7c08d774b23.jpg,mask,435,183,237,237
016da874bd04df55.jpg,mask,199,253,324,324
016da874bd04df55.jpg,mask,348,220,329,329
016da874bd04df55.jpg,mask,697,175,317,317
016e0b58e002fdc6.jpg,mask,401,219,241,241
016e0b58e002fdc6.jpg,mask,448,220,239,239
016e0b58e002fdc6.jpg,mask,698,171,304,304
016e3b3613175a54.jpg,mask,334,276,328,328
016e3b3613175a54.jpg,mask,446,285,333,333
016e3b3613175a54.jpg,mask,538,235,272,272
016e3b3613175a54.jpg,mask,630,307,359,359
016e3b3613175a54.jpg,mask,748,223,271,271
016eead5a0887551.jpg,mask,33,145,194,194
016eead5a0887551.jpg,mask,261,169,240,240
016eead5a0887551.jpg,mask,453,189,245,245
016eead5a0887551.jpg,mask,598,176,236,236
016eead5a0887551.jpg,mask,854,203,248,248
016fa833bb6aa81b.jpg,mask,328,427,481,481
0171272c104c5a4f.jpg,mask,316,264,422,422
0172e9e24b8d97e1.jpg,mask,184,625,740,740
0172e9e24b8d97e1.jpg,mask,467,572,692,692
0172e9e24b8d97e1.jpg,mask,641,397,536,536
017433b548a83854.jpg,mask,210,204,234,234
017433b548a83854.jpg,mask,375,226,252,252
017433b548a83854.jpg,mask,384,315,341,341
017433b548a83854.jpg,mask,499,189,216,216
017433b548a83854.jpg,mask,542,271,300,300
0174996e5c8272a7.jpg,mask,0,228,303,303
0174996e5c8272a7.jpg,mask,218,340,512,512
0174996e5c8272a7.jpg,mask,467,321,505,505
0174c84fefcf42b1.jpg,mask,326,217,284,284
0175b0ce5b808690.jpg,mask,308,163,225,225
0175c5dbc289783e.jpg,mask,280,382,596,596
0179426514a9e53f.jpg,mask,220,247,286,286
0179426514a9e53f.jpg,mask,315,214,254,254
0179426514a9e53f.jpg,mask,389,256,292,292
0179426514a9e53f.jpg,mask,451,209,242,242
0179426514a9e53f.jpg,mask,509,313,346,346
017a0f28f335b366.jpg,mask,357,325,533,533
017a6ec24aa02857.jpg,mask,59,236,276,276
017a6ec24aa02857.jpg,mask,134,163,206,206
017a6ec24aa02857.jpg,mask,176,225,268,268
017a6ec24aa02857.jpg,mask,374,191,241,241
017a6ec24aa02857.jpg,mask,414,291,329,329
017a6ec24aa02857.jpg,mask,459,242,277,277
017a6ec24aa02857.jpg,mask,551,188,241,241
017a6ec24aa02857.jpg,mask,597,278,318,318
017a6ec24aa02857.jpg,mask,719,294,329,329
017a6ec24aa02857.jpg,mask,759,174,218,218
017a6ec24aa02857.jpg,mask,846,210,245,245
017b440821ec1c42.jpg,mask,431,307,409,409
017b4d2108c26df6.jpg,mask,197,245,360,360
017b4d2108c26df6.jpg,mask,695,345,452,452
017b88f00b27a3f0.jpg,mask,120,282,409,409
017b88f00b27a3f0.jpg,mask,421,229,334,334
017b88f00b27a3f0.jpg,mask,776,209,306,306
017bb8d616cc9458.jpg,mask,608,562,710,710
017bc5e13f94a1fe.jpg,mask,405,292,363,363
017bc5e13f94a1fe.jpg,mask,638,233,283,283
017bc5e13f94a1fe.jpg,mask,641,600,665,665
017c18b10247ec52.jpg,mask,245,323,565,565
017c6d18e1e8ec89.jpg,mask,122,262,404,404
017d663a1dc3ff71.jpg,mask,268,168,231,231
017d663a1dc3ff71.jpg,mask,392,877,976,976
017da1bdf12bf8f6.jpg,mask,172,195,256,256
017da1bdf12bf8f6.jpg,mask,289,167,224,224
017da1bdf12bf8f6.jpg,mask,419,103,167,167
017da1bdf12bf8f6.jpg,mask,625,228,264,264
017da1bdf12bf8f6.jpg,mask,663,162,222,222
017da1bdf12bf8f6.jpg,mask,907,204,240,240
017eb9b8935e83bc.jpg,mask,621,146,180,180
017eb9b8935e83bc.jpg,mask,702,331,403,403
017ee456e7cde157.jpg,mask,120,468,497,497
017ee456e7cde157.jpg,mask,372,346,461,461
017f307941715b34.jpg,mask,622,227,266,266
017f307941715b34.jpg,mask,709,237,315,315
017f77c365f7aab8.jpg,mask,318,497,639,639
017fb613ef428890.jpg,mask,348,305,461,461
017fefb4eca2b23d.jpg,mask,88,350,467,467
017fefb4eca2b23d.jpg,mask,753,314,390,390
01814329a5cf02ea.jpg,mask,190,153,227,227
01814329a5cf02ea.jpg,mask,421,205,263,263
01814329a5cf02ea.jpg,mask,652,219,289,289
018180604f8317d4.jpg,mask,40,255,289,289
018180604f8317d4.jpg,mask,92,75,116,116
018180604f8317d4.jpg,mask,176,183,225,225
018180604f8317d4.jpg,mask,265,267,389,389
018180604f8317d4.jpg,mask,422,70,102,102
01830e7c926efbdf.jpg,mask,504,167,203,203
01835328c398a6ef.jpg,mask,736,220,306,306
0185beba79fda029.jpg,mask,199,161,249,249
0185beba79fda029.jpg,mask,464,183,276,276
0185beba79fda029.jpg,mask,737,151,246,246
01861980c37d18db.jpg,mask,557,240,280,280
01866224cfe84906.jpg,mask,88,431,604,604
018678dcb78ad111.jpg,mask,360,217,414,414
01877de0782c2def.jpg,mask,272,222,304,304
0188b683dfacaacb.jpg,mask,181,403,489,489
0188b683dfacaacb.jpg,mask,449,323,410,410
0188b683dfacaacb.jpg,mask,657,329,394,394
0188ec8e63673331.jpg,mask,391,468,591,591
0188ec8e63673331.jpg,mask,142,348,487,487
018a0ba541718e4d.jpg,mask,80,267,350,350
018a0ba541718e4d.jpg,mask,855,173,253,253
018b29fc29f87e83.jpg,mask,247,382,636,636
018b8791e504554c.jpg,mask,472,253,332,332
018b8791e504554c.jpg,mask,755,226,350,350
018c9853c3edee1a.jpg,mask,233,261,323,323
018d05f280812f2c.jpg,mask,37,500,584,584
018d05f280812f2c.jpg,mask,116,156,217,217
018d0d8f39faf67b.jpg,mask,196,395,505,505
00d9e56e270f63c9.jpg,mask,337,285,565,565
00da2e04677a13d2.jpg,mask,413,255,330,330
00da2e04677a13d2.jpg,mask,560,164,235,235
00da777df83136e0.jpg,mask,244,187,263,263
00da777df83136e0.jpg,mask,446,310,375,375
00da777df83136e0.jpg,mask,634,184,254,254
00da7aeabc1f7a15.jpg,mask,366,299,491,491
00dacaae3139e2af.jpg,mask,261,555,823,823
00db341e3821b93e.jpg,mask,620,250,324,324
00db3d364f37e887.jpg,mask,126,172,244,244
00db4a4663710a87.jpg,mask,298,490,741,741
00db52a9c7afd7d0.jpg,mask,147,320,570,570
00dc4d7a447342ce.jpg,mask,650,185,316,316
00ddcfd87dffdfbe.jpg,mask,213,220,375,375
00ddcfd87dffdfbe.jpg,mask,497,113,225,225
00deb92ff4cfd431.jpg,mask,407,287,345,345
00deb92ff4cfd431.jpg,mask,542,167,230,230
00deb92ff4cfd431.jpg,mask,723,209,245,245
00deb9878c303411.jpg,mask,176,185,257,257
00deb9878c303411.jpg,mask,632,197,267,267
00dfce665f139242.jpg,mask,478,259,302,302
00dfda8574f2f493.jpg,mask,220,245,328,328
00dfda8574f2f493.jpg,mask,472,435,499,499
00dfda8574f2f493.jpg,mask,542,133,226,226
00dffd4d53cc7997.jpg,mask,126,257,288,288
00dffd4d53cc7997.jpg,mask,295,240,272,272
00dffd4d53cc7997.jpg,mask,751,237,271,271
00dffe90e8ad2494.jpg,mask,327,162,191,191
00e1a5e9575967a9.jpg,mask,624,260,397,397
00e26993d4e3f03f.jpg,mask,505,300,355,355
00e2709cae287bc1.jpg,mask,330,289,468,468
00e351cd5496d890.jpg,mask,94,222,266,266
00e351cd5496d890.jpg,mask,297,235,271,271
00e351cd5496d890.jpg,mask,632,224,269,269
00e351cd5496d890.jpg,mask,876,199,238,238
00e3c2b66164e5b2.jpg,mask,305,258,408,408
00e625259375f315.jpg,mask,403,223,329,329
00e64211eea27274.jpg,mask,316,355,616,616
00e67ada6f3c0f94.jpg,mask,551,224,323,323
00e698ea4f94f452.jpg,mask,681,296,371,371
00e7f1a520cafb36.jpg,mask,474,190,243,243
00e80722cd617c7f.jpg,mask,262,207,275,275
00e80722cd617c7f.jpg,mask,385,264,328,328
00e80722cd617c7f.jpg,mask,532,279,353,353
00e92f04fe7e678b.jpg,mask,302,309,433,433
00e97a8add3cebf5.jpg,mask,610,186,300,300
00e97a93c686e033.jpg,mask,343,208,272,272
00e97a93c686e033.jpg,mask,513,154,217,217
00e97a93c686e033.jpg,mask,666,160,233,233
00ea96256ed751e7.jpg,mask,475,324,470,470
00eb811758f536ef.jpg,mask,496,322,440,440
00ec069e273cb31b.jpg,mask,509,357,430,430
00ec8d6b8da34933.jpg,mask,316,401,471,471
00ecb2132ac9812b.jpg,mask,663,71,109,109
00ecb2132ac9812b.jpg,mask,841,87,129,129
00ed03941d7ea352.jpg,mask,142,422,571,571
00ed03941d7ea352.jpg,mask,311,351,404,404
00ed03941d7ea352.jpg,mask,508,424,477,477
00ed03941d7ea352.jpg,mask,733,283,436,436
00ed954285042ab6.jpg,mask,476,352,447,447
00edab04eb618ea6.jpg,mask,445,220,293,293
00eddd1e6eb3c256.jpg,mask,174,203,227,227
00eddd1e6eb3c256.jpg,mask,205,184,209,209
00eddd1e6eb3c256.jpg,mask,235,238,263,263
00eddd1e6eb3c256.jpg,mask,288,199,220,220
00eddd1e6eb3c256.jpg,mask,615,148,172,172
00ee574e8f23385a.jpg,mask,244,483,574,574
00f0f12cd06bb7f1.jpg,mask,214,345,434,434
00f0f12cd06bb7f1.jpg,mask,475,279,340,340
00f11326089bd14a.jpg,mask,385,308,396,396
00f1267f901cc594.jpg,mask,92,356,400,400
00f1267f901cc594.jpg,mask,490,355,400,400
00f205bddc3bfc0b.jpg,mask,357,262,359,359
00f205bddc3bfc0b.jpg,mask,588,384,484,484
00f25813270a2570.jpg,mask,363,333,539,539
00f3a6ab5dc68d5c.jpg,mask,90,299,346,346
00f5492d1386d2ef.jpg,mask,223,118,160,160
00f5492d1386d2ef.jpg,mask,735,195,252,252
018df9c149eec552.jpg,mask,326,521,838,838
018eb6c94fe5964e.jpg,mask,222,169,221,221
018eb6c94fe5964e.jpg,mask,383,192,249,249
018f2ea1116d4d65.jpg,mask,268,209,324,324
018f637cbab514b5.jpg,mask,431,378,722,722
018fbec11085bc5e.jpg,mask,65,224,265,265
018fbec11085bc5e.jpg,mask,182,398,451,451
018fbec11085bc5e.jpg,mask,414,172,219,219
018fbec11085bc5e.jpg,mask,475,411,460,460
018fbec11085bc5e.jpg,mask,721,470,524,524
018fbec11085bc5e.jpg,mask,969,396,428,428
0190244ec95b6730.jpg,mask,643,168,258,258
019354126d193940.jpg,mask,78,502,564,564
019354126d193940.jpg,mask,261,494,557,557
019354126d193940.jpg,mask,421,451,506,506
0193867cad44742c.jpg,mask,293,359,534,534
0193daef0d587c2a.jpg,mask,48,210,314,314
0193daef0d587c2a.jpg,mask,301,95,190,190
0193daef0d587c2a.jpg,mask,336,465,570,570
0193daef0d587c2a.jpg,mask,522,346,456,456
0193daef0d587c2a.jpg,mask,726,457,567,567
01963f9b9afeeedc.jpg,mask,250,265,297,297
01963f9b9afeeedc.jpg,mask,332,242,269,269
01963f9b9afeeedc.jpg,mask,429,221,246,246
01963f9b9afeeedc.jpg,mask,561,224,254,254
01963f9b9afeeedc.jpg,mask,671,207,241,241
01963f9b9afeeedc.jpg,mask,805,258,293,293
0197155659a7c357.jpg,mask,391,349,618,618
0199667204375f07.jpg,mask,282,229,275,275
0199667204375f07.jpg,mask,448,235,277,277
0199667204375f07.jpg,mask,659,144,181,181
0199bbd8f37992b9.jpg,mask,329,332,502,502
019a1d9e8ab79a70.jpg,mask,275,219,296,296
019a1d9e8ab79a70.jpg,mask,646,261,350,350
019a523987eb4833.jpg,mask,94,426,497,497
019a523987eb4833.jpg,mask,199,347,395,395
019a523987eb4833.jpg,mask,365,359,450,450
019a523987eb4833.jpg,mask,607,383,438,438
019a523987eb4833.jpg,mask,758,510,581,581
019a5f72c69c3316.jpg,mask,534,200,322,322
019a61a9d5775f72.jpg,mask,196,378,410,410
019a61a9d5775f72.jpg,mask,300,405,435,435
019a61a9d5775f72.jpg,mask,390,403,437,437
019a61a9d5775f72.jpg,mask,484,409,441,441
019b23ab1c3c0976.jpg,mask,171,519,702,702
019bd8f409e728b3.jpg,mask,238,319,393,393
019bd8f409e728b3.jpg,mask,364,322,358,358
019bd8f409e728b3.jpg,mask,574,202,287,287
019bd8f409e728b3.jpg,mask,742,214,242,242
019c1a2d8bb21df1.jpg,mask,28,81,115,115
019c1a2d8bb21df1.jpg,mask,476,228,296,296
019cdad6b938c496.jpg,mask,686,226,275,275
019ce36ace8cd58a.jpg,mask,348,151,207,207
019ce36ace8cd58a.jpg,mask,556,135,200,200
01a191ae3f0b20b7.jpg,mask,344,159,229,229
01a191ae3f0b20b7.jpg,mask,465,162,239,239
01a1cef3907c9357.jpg,mask,293,192,236,236
01a1cef3907c9357.jpg,mask,595,249,293,293
01a21dec45401545.jpg,mask,191,349,415,415
01a21dec45401545.jpg,mask,586,153,215,215
01a252d818b9968b.jpg,mask,558,219,388,388
01a252d818b9968b.jpg,mask,84,455,609,609
01a258d94374cf70.jpg,mask,266,257,353,353
01a258d94374cf70.jpg,mask,492,389,480,480
01a2c6b4e17b2ec3.jpg,mask,215,86,169,169
01a2c6b4e17b2ec3.jpg,mask,441,216,302,302
01a2c6b4e17b2ec3.jpg,mask,781,202,286,286
01a2c70d86a65913.jpg,mask,128,272,398,398
01a2c70d86a65913.jpg,mask,713,186,317,317
01a2e625d108023b.jpg,mask,235,288,549,549
01a33b3029805042.jpg,mask,202,335,407,407
01a33b3029805042.jpg,mask,361,259,327,327
01a33b3029805042.jpg,mask,507,187,247,247
01a33b3029805042.jpg,mask,688,248,299,299
01a36d7e3b7f05ef.jpg,mask,234,384,408,408
01a36d7e3b7f05ef.jpg,mask,339,329,349,349
01a36d7e3b7f05ef.jpg,mask,389,264,274,274
01a36d7e3b7f05ef.jpg,mask,524,224,234,234
01a36d7e3b7f05ef.jpg,mask,935,314,329,329
01a40d4aec2729a5.jpg,mask,439,224,348,348
01a40d4aec2729a5.jpg,mask,634,216,241,241
01a40d4aec2729a5.jpg,mask,739,326,368,368
01a40d4aec2729a5.jpg,mask,922,289,321,321
01a40d4aec2729a5.jpg,mask,926,219,277,277
01a44d58ff1000ed.jpg,mask,284,200,258,258
01a44d58ff1000ed.jpg,mask,802,152,242,242
01a566430560ce1f.jpg,mask,220,326,423,423
01a566430560ce1f.jpg,mask,368,369,446,446
01a566430560ce1f.jpg,mask,451,238,356,356
01a566430560ce1f.jpg,mask,807,400,465,465
01a5e7e11fea3ef1.jpg,mask,104,257,333,333
01a5e7e11fea3ef1.jpg,mask,535,140,196,196
01a5e7e11fea3ef1.jpg,mask,671,331,406,406
01a5f51009c54076.jpg,mask,161,165,214,214
01a5f51009c54076.jpg,mask,163,382,426,426
01a5f51009c54076.jpg,mask,415,123,173,173
01a5f51009c54076.jpg,mask,491,431,473,473
01a5f51009c54076.jpg,mask,792,110,165,165
01a5f51009c54076.jpg,mask,800,414,447,447
01a608e444e62d07.jpg,mask,14,294,345,345
01a608e444e62d07.jpg,mask,83,330,366,366
01a608e444e62d07.jpg,mask,348,337,366,366
01a608e444e62d07.jpg,mask,590,315,346,346
01a608e444e62d07.jpg,mask,714,408,434,434
01a608e444e62d07.jpg,mask,760,272,305,305
01a6f0feba7ebf1a.jpg,mask,258,323,413,413
01a6f0feba7ebf1a.jpg,mask,455,354,447,447
01a6f0feba7ebf1a.jpg,mask,645,394,492,492
01a7c20b6acc2879.jpg,mask,200,440,572,572
01a7c20b6acc2879.jpg,mask,534,371,434,434
01a7c20b6acc2879.jpg,mask,634,393,515,515
01a7c20b6acc2879.jpg,mask,809,447,503,503
01a7cfc7c48f6376.jpg,mask,421,224,269,269
01a7cfc7c48f6376.jpg,mask,519,267,308,308
01a7f7d2bf63744d.jpg,mask,151,146,196,196
01a7f7d2bf63744d.jpg,mask,309,214,282,282
01a7f7d2bf63744d.jpg,mask,432,159,228,228
01a7f7d2bf63744d.jpg,mask,858,81,121,121
01a80baa95d842cd.jpg,mask,3,373,400,400
01a80baa95d842cd.jpg,mask,46,369,391,391
01a80baa95d842cd.jpg,mask,79,467,517,517
01a80baa95d842cd.jpg,mask,190,403,430,430
01a80baa95d842cd.jpg,mask,197,242,261,261
01a80baa95d842cd.jpg,mask,275,368,396,396
01a80baa95d842cd.jpg,mask,318,401,431,431
01a80baa95d842cd.jpg,mask,352,241,266,266
01a80baa95d842cd.jpg,mask,396,424,456,456
01a80baa95d842cd.jpg,mask,609,422,456,456
01a80baa95d842cd.jpg,mask,806,306,351,351
01a865ae4297adb0.jpg,mask,177,410,426,426
01a865ae4297adb0.jpg,mask,277,399,407,407
01a865ae4297adb0.jpg,mask,365,517,549,549
01a865ae4297adb0.jpg,mask,748,431,446,446
01a865ae4297adb0.jpg,mask,840,378,384,384
01a865ae4297adb0.jpg,mask,968,380,387,387
01a893be5432bd47.jpg,mask,272,317,469,469
01a893be5432bd47.jpg,mask,520,335,510,510
01a8e44bb54baa9e.jpg,mask,304,558,649,649
01a934aa95688905.jpg,mask,243,544,900,900
01a9551c7f0b9232.jpg,mask,330,144,185,185
01a9551c7f0b9232.jpg,mask,599,155,192,192
01a9b8e991c340ec.jpg,mask,167,265,298,298
01a9b8e991c340ec.jpg,mask,333,261,273,273
01a9b8e991c340ec.jpg,mask,766,256,272,272
01a9d2a40332c202.jpg,mask,175,236,297,297
01a9d2a40332c202.jpg,mask,424,270,330,330
01a9d2a40332c202.jpg,mask,487,110,138,138
01a9d2a40332c202.jpg,mask,582,90,110,110
01a9d2a40332c202.jpg,mask,629,265,318,318
01a9d2a40332c202.jpg,mask,810,305,357,357
01aa3d21b1069a24.jpg,mask,242,460,572,572
01aa3d21b1069a24.jpg,mask,567,241,346,346
01aaa56f7ab9e0d4.jpg,mask,242,289,336,336
01aac3ee1649efaf.jpg,mask,24,400,424,424
01aac3ee1649efaf.jpg,mask,179,420,438,438
01aac3ee1649efaf.jpg,mask,287,419,441,441
01aac3ee1649efaf.jpg,mask,517,428,447,447
01aac3ee1649efaf.jpg,mask,654,407,429,429
01aac3ee1649efaf.jpg,mask,752,411,433,433
01aac3ee1649efaf.jpg,mask,868,421,438,438
01aac3ee1649efaf.jpg,mask,974,432,451,451
01aafa99971d5e3f.jpg,mask,266,343,415,415
01aafa99971d5e3f.jpg,mask,496,245,320,320
01abe5b281fba187.jpg,mask,127,217,319,319
01abe5b281fba187.jpg,mask,492,155,256,256
01abe5b281fba187.jpg,mask,653,166,271,271
01abe5b281fba187.jpg,mask,801,120,225,225
01ac19eacb839c2c.jpg,mask,253,457,609,609
01acf874d9ef2834.jpg,mask,540,304,416,416
01ad949f089ff658.jpg,mask,283,218,259,259
01ad949f089ff658.jpg,mask,394,220,269,269
01ad949f089ff658.jpg,mask,438,589,615,615
01ad9eae5e7d05bb.jpg,mask,54,568,934,934
01ae8019a2000b2d.jpg,mask,193,93,113,113
01ae8019a2000b2d.jpg,mask,549,180,209,209
01ae8019a2000b2d.jpg,mask,675,95,112,112
01ae8019a2000b2d.jpg,mask,837,96,117,117
01af47255ad5352a.jpg,mask,549,219,312,312
01af47255ad5352a.jpg,mask,691,418,506,506
01af94a000cb01cc.jpg,mask,186,458,673,673
01afa394e9591a98.jpg,mask,420,227,278,278
01b00957d98ca4e9.jpg,mask,212,369,520,520
01b09ceccad9b234.jpg,mask,178,137,158,158
01b09ceccad9b234.jpg,mask,551,333,403,403
01b1ecb4d54d69c9.jpg,mask,334,140,225,225
01b1ecb4d54d69c9.jpg,mask,581,177,257,257
01b2bc211841dade.jpg,mask,369,289,316,316
01b2bc211841dade.jpg,mask,533,288,326,326
01b2bc211841dade.jpg,mask,951,543,588,588
01b311fd25275990.jpg,mask,180,462,773,773
01b3681686871a98.jpg,mask,277,320,375,375
01b3c5a123c5b5ee.jpg,mask,350,145,195,195
01b3ccfd70a2e728.jpg,mask,152,338,475,475
01b3da54ffb158a0.jpg,mask,151,338,390,390
01b3da54ffb158a0.jpg,mask,221,209,239,239
01b3da54ffb158a0.jpg,mask,236,303,338,338
01b3da54ffb158a0.jpg,mask,409,352,477,477
01b412a584a5206f.jpg,mask,143,413,583,583
01b412a584a5206f.jpg,mask,426,453,616,616
01b4e24396bccd96.jpg,mask,179,310,380,380
01b4e24396bccd96.jpg,mask,400,350,423,423
01b4e24396bccd96.jpg,mask,577,297,378,378
01b4e24396bccd96.jpg,mask,892,414,456,456
01b5d19d8ae11fb6.jpg,mask,108,172,196,196
01b5d19d8ae11fb6.jpg,mask,153,454,507,507
01b5d19d8ae11fb6.jpg,mask,165,343,376,376
01b5d19d8ae11fb6.jpg,mask,248,200,218,218
01b5d19d8ae11fb6.jpg,mask,357,163,190,190
01b5d19d8ae11fb6.jpg,mask,444,216,246,246
01b5d19d8ae11fb6.jpg,mask,540,155,191,191
01b5d19d8ae11fb6.jpg,mask,663,175,205,205
01b5d19d8ae11fb6.jpg,mask,823,188,229,229
023e754ed7311f01.jpg,mask,258,543,563,563
023e754ed7311f01.jpg,mask,422,569,585,585
02401eeb2bfc4874.jpg,mask,352,165,254,254
02401eeb2bfc4874.jpg,mask,425,478,557,557
02416acda0c62f3b.jpg,mask,281,237,430,430
0242c7eee36d3396.jpg,mask,170,297,448,448
0243459de7a4b0ce.jpg,mask,327,136,195,195
0243ae77afe1580b.jpg,mask,343,221,285,285
0243ae77afe1580b.jpg,mask,630,240,317,317
02452db3e54cf18f.jpg,mask,279,417,512,512
02452db3e54cf18f.jpg,mask,420,462,531,531
0247e6d81d185b76.jpg,mask,162,223,280,280
0247e6d81d185b76.jpg,mask,787,251,304,304
0248c22dfab8ffda.jpg,mask,118,266,329,329
0248c22dfab8ffda.jpg,mask,513,263,323,323
0248e01ca87bd60f.jpg,mask,595,319,466,466
024a252f04cc1604.jpg,mask,275,464,513,513
024a252f04cc1604.jpg,mask,771,162,171,171
024a252f04cc1604.jpg,mask,796,161,168,168
024a252f04cc1604.jpg,mask,855,136,144,144
024a252f04cc1604.jpg,mask,912,140,153,153
024a252f04cc1604.jpg,mask,965,100,111,111
024cab6fcdbc5efc.jpg,mask,298,405,520,520
024d02f69a44d939.jpg,mask,157,195,234,234
024d02f69a44d939.jpg,mask,309,307,331,331
024d02f69a44d939.jpg,mask,407,256,290,290
024d02f69a44d939.jpg,mask,508,225,262,262
024d02f69a44d939.jpg,mask,667,223,262,262
024d02f69a44d939.jpg,mask,818,252,288,288
024d6e8b4bb6ac9c.jpg,mask,259,316,401,401
024dc71a7181f166.jpg,mask,249,369,597,597
024dd7662c118b31.jpg,mask,323,295,374,374
024dd7662c118b31.jpg,mask,497,275,348,348
024e8a6d7eb55563.jpg,mask,403,175,288,288
024e8a6d7eb55563.jpg,mask,556,360,445,445
024f32104a4ecc1a.jpg,mask,199,196,253,253
024f32104a4ecc1a.jpg,mask,696,151,202,202
024f32104a4ecc1a.jpg,mask,771,216,271,271
024f4645233d093f.jpg,mask,259,141,217,217
024f4645233d093f.jpg,mask,562,229,317,317
025041a674592304.jpg,mask,356,167,213,213
025041a674592304.jpg,mask,491,191,229,229
0250630f8ec7ec67.jpg,mask,240,87,131,131
0250630f8ec7ec67.jpg,mask,490,147,202,202
0250ba4cb5fa129a.jpg,mask,209,297,369,369
0250ba4cb5fa129a.jpg,mask,520,218,294,294
02514380ea72ac26.jpg,mask,321,259,404,404
02514380ea72ac26.jpg,mask,570,416,489,489
02514380ea72ac26.jpg,mask,874,134,268,268
02535f11fe866e85.jpg,mask,359,220,334,334
02536170f4cd5a77.jpg,mask,140,275,329,329
02536170f4cd5a77.jpg,mask,296,224,280,280
02536170f4cd5a77.jpg,mask,469,222,274,274
02536170f4cd5a77.jpg,mask,570,194,238,238
02536170f4cd5a77.jpg,mask,703,222,276,276
0255bf11e0726c41.jpg,mask,369,312,471,471
0256c0cfe49f4270.jpg,mask,347,437,600,600
02587a56faf9c92a.jpg,mask,120,504,707,707
02587a56faf9c92a.jpg,mask,601,334,523,523
0258fdbdb0377d72.jpg,mask,366,250,302,302
025aad2119b35e45.jpg,mask,87,195,270,270
025aad2119b35e45.jpg,mask,344,233,316,316
025aad2119b35e45.jpg,mask,695,347,413,413
025aad2119b35e45.jpg,mask,952,374,423,423
025b09a744bc47ec.jpg,mask,219,367,430,430
025b09a744bc47ec.jpg,mask,544,238,315,315
025b3651aec8c802.jpg,mask,230,287,387,387
025b479cccb16682.jpg,mask,325,275,350,350
025bbe04213fb2e2.jpg,mask,281,509,652,652
025bbe04213fb2e2.jpg,mask,355,219,240,240
025d47eb5024f043.jpg,mask,393,339,538,538
025de00e6243cc73.jpg,mask,110,441,767,767
025de00e6243cc73.jpg,mask,542,337,673,673
025e1d44af6a0032.jpg,mask,194,24,40,40
025e1d44af6a0032.jpg,mask,248,90,108,108
025e1d44af6a0032.jpg,mask,733,353,466,466
026053983975486d.jpg,mask,26,185,251,251
026053983975486d.jpg,mask,408,440,493,493
026053983975486d.jpg,mask,894,284,345,345
0262dd11d9e6471d.jpg,mask,415,358,494,494
02641ecd715e93df.jpg,mask,353,254,373,373
02641ecd715e93df.jpg,mask,678,375,451,451
0264d38250b03a8a.jpg,mask,545,190,317,317
0265793e6f583d70.jpg,mask,265,228,360,360
0266088d0f4be44c.jpg,mask,429,246,325,325
0266088d0f4be44c.jpg,mask,652,245,314,314
02668449a80b56e1.jpg,mask,321,390,418,418
02673ce32a53a494.jpg,mask,652,248,366,366
026838020c599ebc.jpg,mask,458,344,417,417
026851ac57da728d.jpg,mask,194,473,609,609
026851ac57da728d.jpg,mask,364,334,465,465
0268f23b762f36de.jpg,mask,163,237,293,293
0268f23b762f36de.jpg,mask,284,292,348,348
0268f23b762f36de.jpg,mask,412,261,317,317
0268f23b762f36de.jpg,mask,629,252,312,312
0268f23b762f36de.jpg,mask,760,235,301,301
026976c330796d48.jpg,mask,284,365,531,531
0269e812bbf51b44.jpg,mask,398,340,424,424
026a5ea698c32f8c.jpg,mask,198,147,181,181
026a5ea698c32f8c.jpg,mask,463,126,174,174
026a5ea698c32f8c.jpg,mask,616,99,183,183
026a8d0a8ac7d6c9.jpg,mask,194,483,536,536
026a8d0a8ac7d6c9.jpg,mask,356,549,607,607
026a8d0a8ac7d6c9.jpg,mask,558,135,185,185
026b42d823d440df.jpg,mask,98,206,357,357
026b7b89d2495ca3.jpg,mask,207,337,409,409
026b7b89d2495ca3.jpg,mask,330,283,359,359
026c11630c534f90.jpg,mask,126,294,373,373
026c11630c534f90.jpg,mask,407,298,388,388
026c11630c534f90.jpg,mask,617,338,423,423
026c3c7cc8e679e6.jpg,mask,70,514,542,542
026c3c7cc8e679e6.jpg,mask,243,462,488,488
026c3c7cc8e679e6.jpg,mask,472,491,524,524
026c3c7cc8e679e6.jpg,mask,474,129,169,169
026c3c7cc8e679e6.jpg,mask,933,505,519,519
026c3c7cc8e679e6.jpg,mask,1002,411,439,439
026c95a876b82eff.jpg,mask,156,356,370,370
026c95a876b82eff.jpg,mask,547,359,516,516
026c95a876b82eff.jpg,mask,951,524,560,560
026ca03eeb2f035a.jpg,mask,261,253,441,441
026caed32058f869.jpg,mask,395,164,244,244
026e39df4b32169f.jpg,mask,334,290,488,488
026ec31f7f9adb22.jpg,mask,435,298,369,369
026ec31f7f9adb22.jpg,mask,700,307,397,397
026ec31f7f9adb22.jpg,mask,871,335,362,362
026f248ebb2057d8.jpg,mask,337,170,231,231
027052c01187f49e.jpg,mask,147,191,261,261
027052c01187f49e.jpg,mask,582,282,348,348
027142a139519c75.jpg,mask,576,210,342,342
0271de77d7b45c26.jpg,mask,247,403,561,561
0271f0528a31f3f8.jpg,mask,362,246,362,362
0271f0528a31f3f8.jpg,mask,617,270,376,376
0271f7e03d0670bd.jpg,mask,137,177,200,200
0271f7e03d0670bd.jpg,mask,331,206,245,245
0271f7e03d0670bd.jpg,mask,465,169,196,196
0271f7e03d0670bd.jpg,mask,704,126,169,169
0272a202802a75a9.jpg,mask,191,236,261,261
0272a202802a75a9.jpg,mask,305,253,281,281
0272a202802a75a9.jpg,mask,430,276,307,307
0272a202802a75a9.jpg,mask,560,220,250,250
0272a202802a75a9.jpg,mask,684,245,275,275
0272a202802a75a9.jpg,mask,806,239,269,269
0273357d6cbcde61.jpg,mask,544,147,208,208
0273eca6eff61c6a.jpg,mask,113,422,672,672
0274ed6c13e558d7.jpg,mask,199,363,461,461
0274ed6c13e558d7.jpg,mask,371,293,408,408
0274ed6c13e558d7.jpg,mask,693,332,445,445
02750411d0642639.jpg,mask,289,280,423,423
02750411d0642639.jpg,mask,666,225,265,265
02754adf4077dc52.jpg,mask,212,514,649,649
02754adf4077dc52.jpg,mask,506,365,508,508
0275d358e66faab9.jpg,mask,128,94,156,156
0275d358e66faab9.jpg,mask,501,102,149,149
0275fef6c2c848ac.jpg,mask,193,221,302,302
0275fef6c2c848ac.jpg,mask,718,157,246,246
0277cab05d0c8d25.jpg,mask,151,394,575,575
0278efc49bd470b7.jpg,mask,194,152,208,208
0278efc49bd470b7.jpg,mask,414,145,184,184
0278efc49bd470b7.jpg,mask,540,182,230,230
0278efc49bd470b7.jpg,mask,713,88,137,137
0278efc49bd470b7.jpg,mask,852,107,147,147
0278ffeb81a3448c.jpg,mask,426,200,269,269
02790205b32a32e6.jpg,mask,352,314,574,574
02790205b32a32e6.jpg,mask,727,250,381,381
027a2dc5551c11a1.jpg,mask,278,433,528,528
027a2dc5551c11a1.jpg,mask,647,357,435,435
027bb295632e6119.jpg,mask,2,339,364,364
027bb295632e6119.jpg,mask,337,255,313,313
027bb295632e6119.jpg,mask,519,166,213,213
027bd24a2258d656.jpg,mask,0,414,608,608
027bd24a2258d656.jpg,mask,318,533,670,670
027bd24a2258d656.jpg,mask,612,443,579,579
027bd24a2258d656.jpg,mask,800,577,801,801
027bf5a3207d40c1.jpg,mask,338,367,630,630
027c248bc41110ef.jpg,mask,353,211,368,368
027d681738b69164.jpg,mask,208,331,488,488
027d681738b69164.jpg,mask,490,284,407,407
027d681738b69164.jpg,mask,854,417,428,428
027efce846cfe362.jpg,mask,302,298,432,432
0281b56383336aea.jpg,mask,230,272,314,314
0281b56383336aea.jpg,mask,339,234,275,275
0281b56383336aea.jpg,mask,408,279,323,323
0281b56383336aea.jpg,mask,511,308,345,345
0281b56383336aea.jpg,mask,571,253,297,297
0281b56383336aea.jpg,mask,712,235,280,280
0283c667768d760a.jpg,mask,282,120,176,176
0283c667768d760a.jpg,mask,408,375,424,424
028517f5196f1921.jpg,mask,323,166,276,276
02857186633936dc.jpg,mask,235,352,405,405
02857186633936dc.jpg,mask,426,320,385,385
028576c1ec094e1d.jpg,mask,196,452,499,499
028576c1ec094e1d.jpg,mask,443,392,443,443
028576c1ec094e1d.jpg,mask,599,398,435,435
0285d00e20492568.jpg,mask,71,522,550,550
0285d00e20492568.jpg,mask,209,492,510,510
0285d00e20492568.jpg,mask,221,561,586,586
0285d00e20492568.jpg,mask,286,556,585,585
0285d00e20492568.jpg,mask,291,423,450,450
0285d00e20492568.jpg,mask,337,364,401,401
0286a0459b8f99d4.jpg,mask,334,193,308,308
0286a0459b8f99d4.jpg,mask,554,227,313,313
0287054881e31596.jpg,mask,426,279,353,353
0287f73ed42047ec.jpg,mask,292,274,366,366
0288aa8b4f9fc108.jpg,mask,213,161,213,213
0288aa8b4f9fc108.jpg,mask,342,227,271,271
0288aa8b4f9fc108.jpg,mask,478,163,209,209
0288aa8b4f9fc108.jpg,mask,618,222,269,269
0288aa8b4f9fc108.jpg,mask,772,163,229,229
02892da640eb3880.jpg,mask,417,364,565,565
028a82b54e31dfaa.jpg,mask,144,169,243,243
028c2989a89806e3.jpg,mask,87,457,481,481
028c2989a89806e3.jpg,mask,186,440,476,476
028c2989a89806e3.jpg,mask,351,369,518,518
028c4391237a5578.jpg,mask,279,339,548,548
028c94fd558b817a.jpg,mask,119,239,288,288
028c94fd558b817a.jpg,mask,314,230,272,272
028c94fd558b817a.jpg,mask,497,200,242,242
028c94fd558b817a.jpg,mask,647,212,260,260
028c94fd558b817a.jpg,mask,843,272,315,315
028d9ed48482d9d4.jpg,mask,214,170,220,220
028d9ed48482d9d4.jpg,mask,419,222,275,275
028d9ed48482d9d4.jpg,mask,681,192,283,283
028dd68a7087722d.jpg,mask,225,183,267,267
028dd68a7087722d.jpg,mask,688,163,189,189
028dd68a7087722d.jpg,mask,710,196,294,294
028e3e7262c7d914.jpg,mask,258,308,404,404
028e3e7262c7d914.jpg,mask,479,238,303,303
028e3e7262c7d914.jpg,mask,643,221,313,313
02903dba33bc4922.jpg,mask,284,218,297,297
02903dba33bc4922.jpg,mask,474,298,375,375
02906e17e133e333.jpg,mask,446,333,541,541
02907e76ace79d58.jpg,mask,351,293,469,469
0291721eed7a6ad1.jpg,mask,291,283,317,317
0291721eed7a6ad1.jpg,mask,474,244,290,290
0291721eed7a6ad1.jpg,mask,558,262,274,274
0291721eed7a6ad1.jpg,mask,646,260,308,308
0291721eed7a6ad1.jpg,mask,833,279,295,295
029252e5debd758f.jpg,mask,373,358,493,493
02929049b3fb6d67.jpg,mask,112,450,546,546
02929049b3fb6d67.jpg,mask,731,448,534,534
029321b240bb11cd.jpg,mask,330,215,309,309
029425f0b19a4895.jpg,mask,482,279,404,404
0294faee61281dfc.jpg,mask,251,230,449,449
0295613579c1041b.jpg,mask,84,195,317,317
0295613579c1041b.jpg,mask,501,260,379,379
029693e8e1f70421.jpg,mask,211,605,761,761
029721c280933bac.jpg,mask,0,139,197,197
029721c280933bac.jpg,mask,218,164,209,209
029721c280933bac.jpg,mask,324,171,220,220
029721c280933bac.jpg,mask,349,107,158,158
0298ba6b8fe5425c.jpg,mask,244,115,157,157
0298ba6b8fe5425c.jpg,mask,412,107,158,158
0298ba6b8fe5425c.jpg,mask,542,188,224,224
0298ba6b8fe5425c.jpg,mask,775,175,216,216
029981e2dd92ed9e.jpg,mask,405,164,217,217
029981e2dd92ed9e.jpg,mask,451,498,571,571
029b290a2f768f56.jpg,mask,600,243,445,445
029b82552d88ca8d.jpg,mask,122,137,211,211
029bb66155d48245.jpg,mask,309,155,236,236
029bb66155d48245.jpg,mask,651,402,477,477
029c04284a8c77c9.jpg,mask,148,118,167,167
029c04284a8c77c9.jpg,mask,467,131,181,181
029c04284a8c77c9.jpg,mask,791,162,221,221
029c29fc9dbbb4bf.jpg,mask,314,194,252,252
029c29fc9dbbb4bf.jpg,mask,330,487,553,553
029cb57bb94d4f18.jpg,mask,442,183,272,272
029cb57bb94d4f18.jpg,mask,275,323,414,414
029cb57bb94d4f18.jpg,mask,595,250,335,335
029e87d8e9117768.jpg,mask,264,228,356,356
029e87d8e9117768.jpg,mask,541,455,577,577
029e87d8e9117768.jpg,mask,597,234,273,273
029e8ef743613f31.jpg,mask,237,137,210,210
029ea167d0a00fd3.jpg,mask,126,265,320,320
029ea167d0a00fd3.jpg,mask,294,204,259,259
029ea167d0a00fd3.jpg,mask,443,238,282,282
029ea167d0a00fd3.jpg,mask,569,269,313,313
029ea167d0a00fd3.jpg,mask,645,162,220,220
029ea167d0a00fd3.jpg,mask,776,162,217,217
029f4ec6fcef7e9b.jpg,mask,259,160,235,235
029f4ec6fcef7e9b.jpg,mask,517,178,287,287
029f4ec6fcef7e9b.jpg,mask,678,291,371,371
02a03e16e1984ad2.jpg,mask,232,415,533,533
02a03e16e1984ad2.jpg,mask,540,198,313,313
02a11b26ab929104.jpg,mask,287,249,332,332
02a11b26ab929104.jpg,mask,598,235,321,321
02a155888e0c90c1.jpg,mask,364,285,462,462
02a24512fc9d44f9.jpg,mask,451,185,230,230
02a24512fc9d44f9.jpg,mask,635,195,251,251
02a24512fc9d44f9.jpg,mask,792,386,451,451
02a24512fc9d44f9.jpg,mask,873,93,107,107
02a285c50ca8b12e.jpg,mask,314,254,308,308
02a285c50ca8b12e.jpg,mask,482,295,351,351
02a285c50ca8b12e.jpg,mask,627,272,368,368
02a28b7f220624e6.jpg,mask,301,179,234,234
02a28b7f220624e6.jpg,mask,468,354,388,388
02a28b7f220624e6.jpg,mask,607,231,297,297
02a28b7f220624e6.jpg,mask,847,194,276,276
02a2e7ab8507c4b6.jpg,mask,200,192,244,244
02a2e7ab8507c4b6.jpg,mask,533,609,674,674
02a31ed9838dfefb.jpg,mask,257,190,242,242
02a395816952f95a.jpg,mask,54,195,267,267
02a395816952f95a.jpg,mask,173,104,136,136
02a395816952f95a.jpg,mask,223,164,224,224
02a395816952f95a.jpg,mask,336,123,147,147
02a395816952f95a.jpg,mask,416,207,271,271
02a395816952f95a.jpg,mask,431,539,586,586
02a395816952f95a.jpg,mask,488,95,127,127
02a395816952f95a.jpg,mask,505,133,169,169
02a395816952f95a.jpg,mask,643,437,492,492
02a395816952f95a.jpg,mask,647,203,263,263
02a395816952f95a.jpg,mask,805,189,258,258
02a3d3abd3296ac0.jpg,mask,218,46,81,81
02a3d3abd3296ac0.jpg,mask,380,271,330,330
02a3d3abd3296ac0.jpg,mask,504,23,46,46
02a3d3abd3296ac0.jpg,mask,634,319,347,347
02a50ffa0e4a7463.jpg,mask,75,513,774,774
02a50ffa0e4a7463.jpg,mask,851,247,272,272
02a60bc191ccab92.jpg,mask,164,405,577,577
02a70e3b49996e8c.jpg,mask,66,326,339,339
02a70e3b49996e8c.jpg,mask,341,475,483,483
02a70e3b49996e8c.jpg,mask,527,494,523,523
02a70e3b49996e8c.jpg,mask,597,496,523,523
02a7f3978cf53687.jpg,mask,0,294,390,390
02a7f3978cf53687.jpg,mask,129,286,344,344
02a7f3978cf53687.jpg,mask,588,185,226,226
02a82f6c70b712df.jpg,mask,479,366,399,399
02a82f6c70b712df.jpg,mask,614,235,283,283
02a8723315baa4e2.jpg,mask,462,332,433,433
02a8723315baa4e2.jpg,mask,966,371,412,412
02a8b56db85258e6.jpg,mask,345,441,512,512
02a8b56db85258e6.jpg,mask,664,400,484,484
02a8d61256e6b1e8.jpg,mask,19,325,369,369
02a8d61256e6b1e8.jpg,mask,203,302,343,343
02a8d61256e6b1e8.jpg,mask,283,342,378,378
02a8d61256e6b1e8.jpg,mask,445,242,284,284
02a8d61256e6b1e8.jpg,mask,613,340,373,373
02a8d61256e6b1e8.jpg,mask,724,349,386,386
02a8d61256e6b1e8.jpg,mask,804,278,322,322
02a8d61256e6b1e8.jpg,mask,959,285,329,329
02a92b0d27dfd2bc.jpg,mask,300,335,538,538
02a940159cd39532.jpg,mask,163,381,655,655
02aa58105e641fd6.jpg,mask,220,12,24,24
02aa58105e641fd6.jpg,mask,277,180,229,229
02aa58105e641fd6.jpg,mask,535,236,279,279
02aa58105e641fd6.jpg,mask,631,119,160,160
02aa58105e641fd6.jpg,mask,785,110,140,140
02aa58105e641fd6.jpg,mask,804,340,404,404
02aa58105e641fd6.jpg,mask,828,215,267,267
02aa58105e641fd6.jpg,mask,883,603,676,676
02ab2b488a224904.jpg,mask,123,295,323,323
02ab2b488a224904.jpg,mask,451,179,226,226
02ab2b488a224904.jpg,mask,821,313,355,355
02ab97fb9f726c18.jpg,mask,248,148,181,181
02ab97fb9f726c18.jpg,mask,521,120,166,166
02ab97fb9f726c18.jpg,mask,635,138,173,173
02ab97fb9f726c18.jpg,mask,705,127,173,173
02abdd6b6e002340.jpg,mask,364,337,653,653
02ac56dd42c6bdea.jpg,mask,397,197,307,307
02ac56dd42c6bdea.jpg,mask,613,398,417,417
02ac7e65980ba63f.jpg,mask,432,264,350,350
02acaaa905c2ef9c.jpg,mask,347,223,267,267
02acaaa905c2ef9c.jpg,mask,411,271,386,386
02acf5d990cfa5fa.jpg,mask,266,155,217,217
02acf5d990cfa5fa.jpg,mask,456,184,240,240
02acf5d990cfa5fa.jpg,mask,659,248,308,308
02acf94fa1108493.jpg,mask,352,336,414,414
02acf94fa1108493.jpg,mask,496,206,298,298
02ad062494317a50.jpg,mask,572,201,242,242
02adc66dd32b6546.jpg,mask,361,280,458,458
02adc66dd32b6546.jpg,mask,554,288,407,407
02adeeb6481b0c10.jpg,mask,42,228,345,345
02adeeb6481b0c10.jpg,mask,359,264,302,302
02adeeb6481b0c10.jpg,mask,663,244,282,282
02adeeb6481b0c10.jpg,mask,765,309,341,341
02afa34666002562.jpg,mask,369,247,392,392
02b00a8a81ea555b.jpg,mask,43,234,253,253
02b00a8a81ea555b.jpg,mask,313,413,430,430
02b00a8a81ea555b.jpg,mask,544,503,542,542
02b00a8a81ea555b.jpg,mask,683,413,467,467
02b00a8a81ea555b.jpg,mask,709,267,320,320
02b0c4a4d05dbfc2.jpg,mask,263,802,922,922
02b0c4a4d05dbfc2.jpg,mask,268,525,560,560
02b0fbf9e82f5761.jpg,mask,177,409,506,506
02b11e3e6de333ca.jpg,mask,240,85,156,156
02b11e3e6de333ca.jpg,mask,339,244,311,311
02b1b0f01ce833a3.jpg,mask,348,416,498,498
02b1b0f01ce833a3.jpg,mask,615,308,418,418
02b40f2adb4f83da.jpg,mask,264,365,404,404
02b40f2adb4f83da.jpg,mask,385,310,351,351
02b40f2adb4f83da.jpg,mask,505,349,385,385
02b4c91189a2963e.jpg,mask,0,197,223,223
02b4c91189a2963e.jpg,mask,85,191,224,224
02b4c91189a2963e.jpg,mask,172,167,233,233
02b4c91189a2963e.jpg,mask,471,134,198,198
02b4c91189a2963e.jpg,mask,650,184,246,246
02b4c91189a2963e.jpg,mask,904,251,287,287
02b510fa2a475fb8.jpg,mask,240,279,413,413
02b5a2ef1d171cfe.jpg,mask,275,318,401,401
02b5a8c180ce7a13.jpg,mask,268,307,436,436
02b5a8c180ce7a13.jpg,mask,599,315,424,424
02b5f1c7513e7c4e.jpg,mask,256,550,578,578
02b5f1c7513e7c4e.jpg,mask,504,389,417,417
02b6c2a876bdea0d.jpg,mask,51,147,216,216
02b6c2a876bdea0d.jpg,mask,312,108,173,173
02b6c2a876bdea0d.jpg,mask,714,137,187,187
02b6c2a876bdea0d.jpg,mask,845,214,267,267
02b83062d5e5aa6f.jpg,mask,17,337,389,389
02b83062d5e5aa6f.jpg,mask,99,428,487,487
02b83062d5e5aa6f.jpg,mask,248,403,468,468
02b83062d5e5aa6f.jpg,mask,254,262,298,298
02b83062d5e5aa6f.jpg,mask,661,388,466,466
02b83062d5e5aa6f.jpg,mask,805,459,515,515
02b84448753b51b5.jpg,mask,272,578,763,763
02b84448753b51b5.jpg,mask,537,457,664,664
02ba54629645c182.jpg,mask,442,327,482,482
02ba68af161ed589.jpg,mask,227,493,612,612
02ba68af161ed589.jpg,mask,633,312,445,445
02ba68af161ed589.jpg,mask,890,655,689,689
02ba68af161ed589.jpg,mask,974,682,704,704
